drop database if exists ecommerce;
create database ecommerce;
use ecommerce; 
drop table if exists product_listing;
create table product_listing(

product_id int not null,
user_id int not null,
product_name varchar(256) not null,
category enum("Fashion", "Fitness", "Stationary", "arts" , "Other") not null,
brand_name varchar(256),
price int


);

drop table if exists user_data;
create table user_data(
user_id int not null primary key,
user_name varchar(256) not null,
gender enum("M", "F"),
phone_number bigint not null,
category enum("Gold", "Silver", "Bronze")
);


drop table if exists order_management;
create table order_management(
product_id int not null,
user_id int not null,
price int not null,
order_date date,
exp_del_date date,
status_ofdel varchar(256) not null
);


drop table if exists inventory;
create table inventory(
product_id int not null,
product_category varchar(256),
stock int not null
);



insert into product_listing(product_id, product_name, user_id, category, brand_name, price) values (100, "Band", 1, "Fitness", "Bold", 300),
(101, 'band', 12, 'Fashion', 'zara', 35301), 
(102, 'paintings', 5, 'arts', 'zara', 69448), (103, 'ornaments', 11, 'arts', 'davinci', 81264), (104, 'band', 16, 'Fitness', 'rolex', 92213),
 (105, 'paintings', 14, 'Fashion', 'Logitech', 74251), (106, 'shirts', 20, 'Fitness', 'davinci', 53429), (107, 'band', 7, 'Fitness', 'Bold', 62349), (108, 'shoes', 2, 'arts', 'rolex', 17851), (109, 'ornaments', 0, 'Fashion', 'davinci', 61253), (110, 'watches', 1, 'Stationary', 'Logitech', 50107), (111, 'shirts', 17, 'Fashion', 'rolex', 27353), (112, 'shirts', 9, 'Fitness', 'davinci', 29182), (113, 'paintings', 19, 'Fitness', 'zara', 5831), (114, 'shirts', 5, 'Fashion', 'Logitech', 9962), (115, 'ornaments', 5, 'Fashion', 'Bold', 82272), (116, 'ornaments', 10, 'arts', 'zara', 42632), (117, 'watches', 12, 'Fashion', 'zara', 74417), (118, 'band', 8, 'Fitness', 'davinci', 17910), (119, 'shirts', 0, 'Stationary', 'Myntra', 83779), (120, 'shoes', 5, 'arts', 'davinci', 33623), (121, 'band', 3, 'Fitness', 'Logitech', 83538), (122, 'ornaments', 9, 'arts', 'Logitech', 40768), (123, 'band', 7, 'Fashion', 'zara', 56282), (124, 'watches', 20, 'arts', 'Myntra', 83589), (125, 'band', 7, 'Stationary', 'Myntra', 7807), (126, 'shoes', 14, 'arts', 'Bold', 55131), (127, 'ornaments', 17, 'Stationary', 'davinci', 42441), (128, 'watches', 12, 'arts', 'davinci', 89291), (129, 'shoes', 1, 'Stationary', 'Myntra', 98568), (130, 'band', 19, 'Stationary', 'davinci', 40767), (131, 'ornaments', 19, 'Stationary', 'Logitech', 52529), (132, 'ornaments', 11, 'Stationary', 'rolex', 3353), 
 (133, 'paintings', 17, 'Fitness', 'Logitech', 53877), (134, 'watches', 19, 'arts', 'davinci', 93228), (135, 'shoes', 18, 'Stationary', 'zara', 4584), (136, 'watches', 5, 'Fashion', 'Myntra', 32158), (137, 'ornaments', 4, 'Fitness', 'Bold', 40780), (138, 'shirts', 18, 'Stationary', 'Bold', 96469), (139, 'paintings', 1, 'Stationary', 'zara', 61942), (140, 'band', 6, 'Stationary', 'Logitech', 17146), (141, 'watches', 21, 'Stationary', 'Myntra', 80232), (142, 'ornaments', 21, 'arts', 'Myntra', 58460), (143, 'paintings', 22, 'arts', 'rolex', 11459), (144, 'watches', 14, 'Fashion', 'rolex', 24676), (145, 'paintings', 19, 'Fitness', 'rolex', 79332), (146, 'band', 19, 'Fitness', 'rolex', 76689), (147, 'paintings', 22, 'Stationary', 'Bold', 61837), (148, 'ornaments', 5, 'Fashion', 'Myntra', 76799), (149, 'paintings', 10, 'Fashion', 'davinci', 78584), (150, 'watches', 9, 'Stationary', 'Bold', 27622), (151, 'shoes', 8, 'Stationary', 'davinci', 78043), (152, 'paintings', 15, 'Stationary', 'davinci', 74509), (153, 'ornaments', 15, 'Fashion', 'Bold', 95689), (154, 'ornaments', 2, 'Stationary', 'zara', 92039), (155, 'shoes', 24, 'arts', 'Myntra', 75847), (156, 'watches', 11, 'Stationary', 'zara', 14855), (157, 'band', 21, 'Fashion', 'Myntra', 77808), (158, 'band', 16, 'Fitness', 'Myntra', 24885), (159, 'band', 6, 'Stationary', 'davinci', 20562), (160, 'ornaments', 16, 'Stationary', 'davinci', 34980), (161, 'paintings', 3, 'Fitness', 'rolex', 10171), (162, 'watches', 5, 'Fashion', 'Logitech', 54304), (163, 'shoes', 7, 'Fitness', 'rolex', 82406), (164, 'shoes', 15, 'arts', 'davinci', 40561), (165, 'watches', 10, 'Stationary', 'rolex', 39617), (166, 'band', 20, 'Fitness', 'Logitech', 49981), (167, 'band', 24, 'Fitness', 'davinci', 15526), (168, 'paintings', 23, 'Fitness', 'zara', 54049), (169, 'ornaments', 5, 'Fitness', 'Myntra', 26349), (170, 'shoes', 13, 'arts', 'zara', 97531), (171, 'ornaments', 1, 'Fitness', 'Bold', 6864), (172, 'watches', 15, 'Fitness', 'rolex', 62383), (173, 'shirts', 16, 'Fashion', 'rolex', 82961), (174, 'shoes', 7, 'arts', 'Logitech', 21496), (175, 'watches', 24, 'Stationary', 'zara', 37154), (176, 'shirts', 5, 'Fashion', 'rolex', 26817), (177, 'shoes', 21, 'arts', 'Myntra', 40256), (178, 'ornaments', 11, 'Fashion', 'Bold', 26215), (179, 'shoes', 7, 'Stationary', 'davinci', 64918), (180, 'shirts', 12, 'Stationary', 'rolex', 1573), (181, 'shoes', 16, 'Stationary', 'Logitech', 4074), (182, 'paintings', 7, 'Stationary', 'davinci', 63676), (183, 'paintings', 2, 'Fashion', 'Logitech', 20639), (184, 'ornaments', 22, 'arts', 'Myntra', 84138), (185, 'shirts', 18, 'Fitness', 'davinci', 70178), (186, 'shirts', 17, 'Stationary', 'Bold', 30156), (187, 'ornaments', 14, 'arts', 'rolex', 15076), (188, 'band', 15, 'Stationary', 'rolex', 39638), (189, 'paintings', 3, 'arts', 'davinci', 63516), (190, 'shoes', 21, 'Stationary', 'rolex', 22173), (191, 'watches', 11, 'Fitness', 'davinci', 60145), (192, 'watches', 10, 'Fashion', 'Myntra', 57085), (193, 'shirts', 18, 'Fitness', 'Bold', 33910), (194, 'paintings', 19, 'arts', 'davinci', 72642), (195, 'paintings', 4, 'Fitness', 'Logitech', 98692), (196, 'paintings', 16, 'arts', 'rolex', 48469), (197, 'paintings', 4, 'Fitness', 'Logitech', 79089), (198, 'ornaments', 9, 'Fitness', 'rolex', 24378), (199, 'watches', 16, 'arts', 'rolex', 42743), (200, 'band', 3, 'arts', 'davinci', 1464), (201, 'shirts', 1, 'arts', 'davinci', 84597), (202, 'watches', 14, 'Stationary', 'zara', 27449), (203, 'paintings', 3, 'arts', 'Bold', 82044), (204, 'band', 4, 'arts', 'zara', 79484), (205, 'paintings', 4, 'arts', 'Myntra', 34958), (206, 'ornaments', 6, 'arts', 'rolex', 72418), (207, 'watches', 11, 'Fitness', 'rolex', 84456), (208, 'watches', 10, 'Fashion', 'rolex', 49942), (209, 'shoes', 0, 'arts', 'rolex', 96324), (210, 'paintings', 20, 'Fitness', 'Logitech', 1455), (211, 'watches', 0, 'Stationary', 'rolex', 79323), (212, 'shirts', 6, 'arts', 'Bold', 99826), (213, 'watches', 9, 'Fitness', 'zara', 73540), (214, 'paintings', 5, 'arts', 'Bold', 78186), (215, 'ornaments', 6, 'arts', 'zara', 68831), (216, 'ornaments', 11, 'Fashion', 'rolex', 70747), (217, 'paintings', 14, 'Fashion', 'Logitech', 86003), (218, 'paintings', 10, 'Fashion', 'Logitech', 78139), (219, 'ornaments', 8, 'Fashion', 'zara', 25556), (220, 'shirts', 5, 'Fashion', 'davinci', 21704), (221, 'paintings', 20, 'Fitness', 'zara', 57218), (222, 'paintings', 16, 'Fashion', 'Myntra', 28033), (223, 'watches', 4, 'Fashion', 'Logitech', 46107), (224, 'watches', 4, 'Fitness', 'zara', 10970), (225, 'paintings', 11, 'Fashion', 'zara', 54208), (226, 'shoes', 18, 'arts', 'rolex', 91255), (227, 'paintings', 6, 'arts', 'rolex', 66101), (228, 'band', 5, 'Fitness', 'Logitech', 28260), (229, 'ornaments', 4, 'arts', 'Bold', 60486), (230, 'shirts', 1, 'arts', 'Myntra', 15406), (231, 'band', 0, 'arts', 'Logitech', 37421), (232, 'shoes', 13, 'Fashion', 'davinci', 88932), (233, 'shirts', 9, 'Fitness', 'rolex', 93328), (234, 'ornaments', 15, 'Fashion', 'Bold', 46031), (235, 'ornaments', 20, 'Fitness', 'Bold', 84033), (236, 'ornaments', 4, 'Fitness', 'zara', 95674), (237, 'shirts', 0, 'arts', 'Myntra', 2874), (238, 'watches', 23, 'arts', 'davinci', 89898), (239, 'watches', 4, 'Stationary', 'rolex', 46928), (240, 'paintings', 18, 'Stationary', 'rolex', 60239), (241, 'shirts', 6, 'Stationary', 'Myntra', 81396), (242, 'shirts', 20, 'Stationary', 'Logitech', 55146), (243, 'shirts', 6, 'Stationary', 'rolex', 17456), (244, 'shoes', 1, 'Fashion', 'Logitech', 80337), (245, 'ornaments', 15, 'arts', 'Logitech', 58304), (246, 'watches', 15, 'Fashion', 'Myntra', 39268), (247, 'paintings', 4, 'Fitness', 'Myntra', 93028), (248, 'watches', 1, 'Fitness', 'rolex', 83746), (249, 'shirts', 15, 'arts', 'Logitech', 92741), (250, 'watches', 19, 'Fashion', 'Logitech', 6879), (251, 'watches', 24, 'arts', 'rolex', 54857), (252, 'ornaments', 8, 'Fitness', 'Bold', 96888), (253, 'ornaments', 21, 'Fitness', 'Myntra', 83264), (254, 'band', 20, 'arts', 'rolex', 35399), (255, 'shirts', 2, 'Fashion', 'zara', 15077), (256, 'watches', 1, 'Stationary', 'rolex', 64795), (257, 'ornaments', 14, 'Fashion', 'zara', 77683), (258, 'paintings', 22, 'Fitness', 'Logitech', 15011), (259, 'band', 24, 'Fashion', 'zara', 90106), (260, 'band', 16, 'Fashion', 'Myntra', 96223), (261, 'shoes', 24, 'arts', 'Myntra', 69329), (262, 'watches', 8, 'Fashion', 'Myntra', 53393), (263, 'paintings', 1, 'arts', 'zara', 34795), (264, 'watches', 5, 'Fashion', 'rolex', 50881), (265, 'watches', 2, 'Fitness', 'davinci', 10761), (266, 'paintings', 15, 'Fashion', 'Bold', 19268), (267, 'ornaments', 10, 'arts', 'davinci', 5413), (268, 'shirts', 21, 'Stationary', 'Bold', 25856), (269, 'shoes', 4, 'arts', 'Bold', 87419), (270, 'band', 3, 'Stationary', 'rolex', 56550), (271, 'ornaments', 20, 'arts', 'zara', 71970), (272, 'shoes', 12, 'Fashion', 'zara', 2128), (273, 'paintings', 15, 'Stationary', 'Logitech', 18159), (274, 'shirts', 0, 'Stationary', 'zara', 45939), (275, 'band', 9, 'Fitness', 'davinci', 3515), (276, 'watches', 12, 'arts', 'rolex', 22668), (277, 'band', 23, 'Stationary', 'zara', 27146), (278, 'paintings', 23, 'Fashion', 'zara', 44277), (279, 'paintings', 3, 'Stationary', 'zara', 5504), (280, 'ornaments', 21, 'arts', 'rolex', 93600), (281, 'band', 1, 'Fitness', 'rolex', 82632), 
 (282, 'shoes', 20, 'arts', 'zara', 60892), (283, 'band', 12, 'Fashion', 'davinci', 98455), (284, 'watches', 7, 'Fitness', 'rolex', 61678), (285, 'ornaments', 24, 'Fitness', 'rolex', 94633), (286, 'watches', 11, 'Fitness', 'davinci', 79878), (287, 'shirts', 22, 'Stationary', 'Bold', 96573), (288, 'shirts', 5, 'Fitness', 'zara', 98438), (289, 'shoes', 9, 'arts', 'zara', 48186), (290, 'ornaments', 2, 'Fitness', 'Bold', 16065), (291, 'watches', 23, 'Fitness', 'davinci', 91048), (292, 'shirts', 23, 'arts', 'Myntra', 80027), (293, 'ornaments', 0, 'Stationary', 'Bold', 85643), (294, 'shoes', 12, 'Stationary', 'davinci', 2314), (295, 'band', 20, 'Fitness', 'davinci', 36058), (296, 'paintings', 0, 'Stationary', 'zara', 30797), (297, 'ornaments', 18, 'Stationary', 'rolex', 56585), (298, 'watches', 22, 'Fashion', 'Logitech', 34547), (299, 'ornaments', 3, 'Fitness', 'Bold', 49958), (300, 'paintings', 1, 'Stationary', 'davinci', 25162), (301, 'ornaments', 10, 'Fashion', 'davinci', 40163), (302, 'paintings', 3, 'Fitness', 'davinci', 79795), (303, 'shirts', 7, 'Stationary', 'davinci', 30421), (304, 'watches', 16, 'Fitness', 'Logitech', 90179), (305, 'paintings', 24, 'arts', 'Myntra', 88800), (306, 'band', 4, 'Fashion', 'rolex', 40190), (307, 'band', 2, 'arts', 'davinci', 58391), (308, 'ornaments', 1, 'Fitness', 'zara', 6305), (309, 'shirts', 24, 'Fashion', 'davinci', 70744), (310, 'paintings', 12, 'Fashion', 'zara', 6325), (311, 'shirts', 16, 'Fashion', 'rolex', 27278), (312, 'paintings', 22, 'Stationary', 'davinci', 92095), (313, 'band', 20, 'Fitness', 'Myntra', 36895), (314, 'shirts', 4, 'Fashion', 'Logitech', 74999), (315, 'ornaments', 18, 'Stationary', 'zara', 51843), (316, 'shoes', 18, 'Fitness', 'zara', 62966), (317, 'shoes', 0, 'Fitness', 'davinci', 50602), (318, 'paintings', 14, 'Stationary', 'Myntra', 92968), (319, 'watches', 7, 'Fashion', 'rolex', 46003), (320, 'paintings', 3, 'Fashion', 'Bold', 82789), (321, 'shoes', 5, 'arts', 'zara', 55912), (322, 'band', 12, 'Fitness', 'davinci', 79112), (323, 'shoes', 6, 'Stationary', 'davinci', 42214), (324, 'watches', 17, 'Fashion', 'zara', 73895), (325, 'paintings', 2, 'Fitness', 'Logitech', 26840), (326, 'shoes', 1, 'Fashion', 'Myntra', 55039), (327, 'ornaments', 11, 'arts', 'rolex', 10165), (328, 'shirts', 4, 'arts', 'zara', 20139), (329, 'watches', 8, 'Fashion', 'davinci', 59689), (330, 'shirts', 1, 'Fitness', 'zara', 1753), (331, 'shirts', 20, 'arts', 'davinci', 81594), (332, 'shoes', 7, 'Fashion', 'davinci', 84592), (333, 'ornaments', 7, 'Fitness', 'zara', 68431), (334, 'shoes', 14, 'Fashion', 'Bold', 90800), (335, 'shoes', 0, 'Fitness', 'Bold', 49434), (336, 'paintings', 15, 'arts', 'davinci', 63245), (337, 'band', 24, 'Stationary', 'zara', 16308), (338, 'shoes', 22, 'Fitness', 'Bold', 42949), (339, 'watches', 22, 'Fashion', 'Myntra', 68885), (340, 'shoes', 15, 'Stationary', 'davinci', 8505), (341, 'band', 0, 'arts', 'Myntra', 22464), (342, 'shirts', 1, 'Fashion', 'Myntra', 76578), (343, 'paintings', 3, 'Fashion', 'Myntra', 92417), (344, 'watches', 17, 'arts', 'zara', 60424), (345, 'ornaments', 19, 'arts', 'rolex', 81796), (346, 'band', 5, 'Stationary', 'rolex', 88936), (347, 'paintings', 20, 'Fashion', 'davinci', 88022), (348, 'shoes', 8, 'Stationary', 'Myntra', 78460), (349, 'shirts', 9, 'Fitness', 'rolex', 46643), (350, 'band', 8, 'Fashion', 'davinci', 6469), (351, 'watches', 14, 'Stationary', 'rolex', 1111), (352, 'band', 9, 'arts', 'Logitech', 47651), (353, 'ornaments', 8, 'Fitness', 'Logitech', 34113), (354, 'watches', 5, 'Fashion', 'Myntra', 52271), (355, 'band', 2, 'Stationary', 'rolex', 56013), (356, 'watches', 21, 'Stationary', 'Logitech', 28539), (357, 'paintings', 19, 'Stationary', 'Myntra', 58390), (358, 'ornaments', 21, 'Fashion', 'davinci', 6420), (359, 'ornaments', 18, 'Fitness', 'Bold', 15469), (360, 'paintings', 23, 'Stationary', 'zara', 41912), (361, 'band', 23, 'Fitness', 'Bold', 33496), (362, 'ornaments', 0, 'Stationary', 'Myntra', 72603), (363, 'band', 4, 'arts', 'Bold', 95613), (364, 'ornaments', 12, 'Fashion', 'rolex', 4750), (365, 'band', 20, 'arts', 'Myntra', 83566), (366, 'paintings', 20, 'Stationary', 'zara', 673), (367, 'shoes', 19, 'Fitness', 'rolex', 75994), (368, 'band', 15, 'Fitness', 'Myntra', 90501), (369, 'watches', 6, 'Stationary', 'rolex', 33450), (370, 'ornaments', 13, 'Fashion', 'Logitech', 14060), (371, 'paintings', 3, 'Fitness', 'Myntra', 20308), (372, 'ornaments', 19, 'arts', 'Myntra', 83532), (373, 'watches', 13, 'Fitness', 'zara', 25798), (374, 'shirts', 12, 'Fitness', 'davinci', 27694), (375, 'watches', 5, 'arts', 'Bold', 24715), (376, 'ornaments', 22, 'Fashion', 'rolex', 71265), (377, 'shoes', 12, 'Fitness', 'zara', 40336), (378, 'ornaments', 10, 'Fashion', 'Bold', 8340), (379, 'shirts', 7, 'Fashion', 'Myntra', 43716), (380, 'ornaments', 21, 'arts', 'Myntra', 83154), 
 (381, 'shoes', 5, 'Fashion', 'Bold', 48593), (382, 'band', 21, 'arts', 'davinci', 95639), (383, 'ornaments', 23, 'Fashion', 'Myntra', 74748), (384, 'shoes', 19, 'Fashion', 'davinci', 38032), (385, 'watches', 20, 'arts', 'Myntra', 11638), (386, 'shirts', 21, 'Fitness', 'zara', 75902), (387, 'watches', 0, 'Fitness', 'zara', 61870), (388, 'ornaments', 3, 'arts', 'Logitech', 38999), (389, 'shirts', 2, 'Fashion', 'davinci', 5308), (390, 'watches', 6, 'Fashion', 'Bold', 60891), (391, 'shirts', 19, 'Stationary', 'zara', 84092), (392, 'paintings', 9, 'arts', 'Logitech', 80726), (393, 'shirts', 9, 'Fashion', 'rolex', 15844), (394, 'ornaments', 24, 'Fitness', 'Bold', 65022), (395, 'paintings', 10, 'Fitness', 'Myntra', 7672), (396, 'band', 2, 'Fashion', 'rolex', 5169), (397, 'shoes', 5, 'arts', 'Myntra', 80851), (398, 'paintings', 10, 'Fashion', 'Myntra', 12988), (399, 'shirts', 20, 'Stationary', 'davinci', 26625), (400, 'paintings', 12, 'Stationary', 'zara', 43953), (401, 'shirts', 0, 'Fitness', 'zara', 64960), (402, 'ornaments', 19, 'Fitness', 'Bold', 42438), (403, 'paintings', 2, 'arts', 'davinci', 81563), (404, 'watches', 23, 'Stationary', 'Logitech', 47149), (405, 'paintings', 8, 'Stationary', 'davinci', 99781), (406, 'shoes', 22, 'Stationary', 'zara', 85238), (407, 'paintings', 14, 'arts', 'davinci', 36224), (408, 'paintings', 7, 'Fitness', 'davinci', 13709), (409, 'shoes', 10, 'arts', 'Bold', 56431), (410, 'watches', 18, 'Fashion', 'rolex', 52848), (411, 'ornaments', 0, 'arts', 'Myntra', 56780), (412, 'watches', 10, 'arts', 'Logitech', 37589), (413, 'shirts', 23, 'Fitness', 'Bold', 2942), (414, 'paintings', 0, 'Stationary', 'rolex', 69836), (415, 'shirts', 14, 'Fashion', 'Logitech', 23989), (416, 'band', 16, 'Fashion', 'Logitech', 16733), (417, 'shirts', 13, 'Stationary', 'rolex', 62176), (418, 'band', 17, 'Stationary', 'Logitech', 94925), (419, 'ornaments', 9, 'Fashion', 'Myntra', 70254), (420, 'paintings', 15, 'Fashion', 'rolex', 40419), (421, 'band', 23, 'Fashion', 'Myntra', 49398), (422, 'paintings', 6, 'Stationary', 'zara', 97907), (423, 'shoes', 15, 'Fashion', 'davinci', 16903), (424, 'band', 13, 'Fashion', 'Myntra', 74433), (425, 'ornaments', 10, 'Stationary', 'Myntra', 8489), (426, 'watches', 3, 'arts', 'Logitech', 56465), (427, 'ornaments', 24, 'Fitness', 'Bold', 20404), (428, 'shoes', 7, 'Fitness', 'Bold', 41823), (429, 'shoes', 15, 'arts', 'zara', 15375), (430, 'shirts', 24, 'Fitness', 'rolex', 44681), (431, 'shoes', 11, 'Stationary', 'Bold', 59978), (432, 'band', 5, 'Stationary', 'Myntra', 4551), (433, 'ornaments', 13, 'Stationary', 'Logitech', 27466), (434, 'ornaments', 19, 'Fitness', 'Myntra', 78434), (435, 'watches', 0, 'Fitness', 'Bold', 32984), (436, 'paintings', 3, 'Stationary', 'Bold', 42673), (437, 'watches', 14, 'Stationary', 'Logitech', 24213), (438, 'band', 21, 'Stationary', 'rolex', 80145), (439, 'band', 22, 'Stationary', 'Bold', 12798), (440, 'shirts', 15, 'Fashion', 'davinci', 75467), (441, 'ornaments', 14, 'Fitness', 'Logitech', 8528), (442, 'paintings', 2, 'Fitness', 'Logitech', 28569), (443, 'shirts', 8, 'Fitness', 'Myntra', 8286), (444, 'shirts', 2, 'Stationary', 'Bold', 75917), (445, 'watches', 0, 'Fashion', 'Logitech', 30641), (446, 'shoes', 5, 'Fashion', 'zara', 50836), (447, 'shirts', 12, 'Stationary', 'Logitech', 59030), (448, 'paintings', 8, 'Fitness', 'Bold', 45988), (449, 'ornaments', 6, 'Fitness', 'davinci', 78124), (450, 'ornaments', 24, 'Stationary', 'Myntra', 51792), (451, 'shirts', 18, 'arts', 'davinci', 917), (452, 'band', 17, 'arts', 'Logitech', 48422), (453, 'shoes', 19, 'Stationary', 'Myntra', 50131), (454, 'band', 21, 'Fashion', 'Bold', 85112), (455, 'ornaments', 2, 'Stationary', 'Logitech', 37116), (456, 'watches', 0, 'Fitness', 'davinci', 1489), (457, 'shirts', 10, 'Stationary', 'rolex', 86387), (458, 'watches', 1, 'Fashion', 'rolex', 73943), (459, 'shirts', 9, 'Fitness', 'davinci', 60347), (460, 'shoes', 8, 'Stationary', 'zara', 95857), (461, 'band', 20, 'Fashion', 'rolex', 41398), (462, 'ornaments', 5, 'Fashion', 'Bold', 65550), (463, 'shirts', 16, 'Fitness', 'zara', 1686), (464, 'watches', 17, 'Fashion', 'zara', 89069), (465, 'band', 0, 'Stationary', 'Bold', 75111), (466, 'shoes', 15, 'arts', 'zara', 38160), (467, 'ornaments', 22, 'arts', 'Logitech', 81506), (468, 'watches', 2, 'Stationary', 'davinci', 87281), (469, 'shirts', 21, 'arts', 'Logitech', 24098), (470, 'ornaments', 10, 'Fitness', 'rolex', 28447), (471, 'shirts', 6, 'Fashion', 'davinci', 18742), (472, 'ornaments', 0, 'Fashion', 'rolex', 78886), (473, 'watches', 19, 'Fashion', 'zara', 86674), (474, 'shoes', 16, 'arts', 'rolex', 97078), (475, 'paintings', 3, 'Fitness', 'zara', 49471), (476, 'ornaments', 10, 'Fitness', 'Logitech', 38017), (477, 'ornaments', 21, 'Stationary', 'Bold', 81964), (478, 'paintings', 2, 'Fashion', 'Myntra', 28909), (479, 'shirts', 12, 'Fitness', 'zara', 95156), (480, 'paintings', 24, 'Fashion', 'zara', 45941), (481, 'band', 3, 'Fashion', 'davinci', 87632), (482, 'ornaments', 9, 'Fitness', 'davinci', 71792), (483, 'band', 16, 'Fitness', 'Logitech', 46980), (484, 'band', 1, 'arts', 'rolex', 72340), (485, 'ornaments', 20, 'Fashion', 'Myntra', 1231), (486, 'shoes', 11, 'Stationary', 'Bold', 71592), (487, 'ornaments', 12, 'arts', 'davinci', 48307), (488, 'watches', 6, 'Stationary', 'Logitech', 25054), (489, 'shirts', 22, 'Stationary', 'Myntra', 67770), (490, 'band', 24, 'Stationary', 'Bold', 76912), (491, 'paintings', 7, 'Fitness', 'rolex', 65990), (492, 'band', 21, 'Fashion', 'davinci', 30780), (493, 'shirts', 8, 'Fashion', 'Logitech', 4160), (494, 'shirts', 23, 'arts', 'Logitech', 96088), (495, 'ornaments', 15, 'Stationary', 'Myntra', 76253), (496, 'band', 21, 'Fitness', 'zara', 11769), (497, 'band', 3, 'Stationary', 'zara', 72351), (498, 'watches', 11, 'Fashion', 'rolex', 4140), (499, 'watches', 4, 'Stationary', 'Bold', 30052), (500, 'paintings', 16, 'Stationary', 'davinci', 54471), (501, 'shirts', 14, 'Fitness', 'davinci', 93856), (502, 'ornaments', 5, 'Fashion', 'rolex', 13762), (503, 'paintings', 19, 'Fashion', 'davinci', 21697), (504, 'shoes', 20, 'Fitness', 'rolex', 27073), (505, 'shoes', 14, 'arts', 'zara', 51133), (506, 'band', 10, 'Fitness', 'davinci', 25239),
 (507, 'paintings', 17, 'Fashion', 'zara', 67434), (508, 'ornaments', 0, 'Fitness', 'Logitech', 63590), (509, 'watches', 5, 'Fashion', 'zara', 92984), (510, 'watches', 17, 'arts', 'rolex', 40110), (511, 'shoes', 15, 'Fashion', 'zara', 72635), (512, 'watches', 16, 'Stationary', 'davinci', 64868), (513, 'shoes', 11, 'Fashion', 'Myntra', 6481), (514, 'band', 20, 'Fashion', 'Bold', 89086), (515, 'ornaments', 20, 'Fashion', 'rolex', 71114), (516, 'watches', 7, 'Fitness', 'Bold', 33822), (517, 'shirts', 8, 'arts', 'Myntra', 59759), (518, 'band', 9, 'arts', 'zara', 60582), (519, 'shirts', 5, 'Fitness', 'Myntra', 57693), (520, 'paintings', 17, 'arts', 'rolex', 33583), (521, 'shoes', 21, 'Fitness', 'zara', 78270), (522, 'watches', 13, 'Fitness', 'Bold', 7960), (523, 'shoes', 6, 'Stationary', 'zara', 71753), (524, 'band', 24, 'Fitness', 'davinci', 53456), (525, 'ornaments', 1, 'arts', 'davinci', 27622), (526, 'shoes', 13, 'arts', 'davinci', 46562), (527, 'shoes', 15, 'Fashion', 'davinci', 70326), (528, 'ornaments', 19, 'Stationary', 'davinci', 72017), (529, 'shirts', 8, 'Fitness', 'davinci', 25794), (530, 'ornaments', 5, 'Stationary', 'rolex', 34327), (531, 'watches', 0, 'Fitness', 'davinci', 79395), (532, 'ornaments', 21, 'Fashion', 'Logitech', 25382), (533, 'ornaments', 11, 'Fitness', 'Myntra', 70659), (534, 'ornaments', 12, 'Fashion', 'zara', 76212), (535, 'paintings', 23, 'Fitness', 'Bold', 67409), (536, 'band', 13, 'arts', 'rolex', 95840), (537, 'watches', 9, 'Fitness', 'Bold', 12082), (538, 'shoes', 3, 'Stationary', 'Myntra', 94690), (539, 'paintings', 7, 'arts', 'Bold', 60981), (540, 'shirts', 1, 'Fashion', 'davinci', 55949), (541, 'shoes', 22, 'Fitness', 'rolex', 93652), (542, 'watches', 7, 'Fashion', 'Bold', 76694), (543, 'shoes', 15, 'Fashion', 'Myntra', 49752), (544, 'ornaments', 11, 'Fashion', 'Logitech', 43896), (545, 'paintings', 11, 'arts', 'rolex', 5110), (546, 'band', 13, 'Fashion', 'rolex', 72392), (547, 'watches', 22, 'Fashion', 'rolex', 52997), (548, 'watches', 20, 'Fitness', 'Logitech', 1575), (549, 'ornaments', 23, 'Stationary', 'davinci', 90243), (550, 'shoes', 8, 'Stationary', 'zara', 62082), (551, 'shirts', 2, 'Fitness', 'Myntra', 98993), (552, 'band', 19, 'Fitness', 'Bold', 45980), (553, 'paintings', 24, 'Fitness', 'rolex', 84518), (554, 'ornaments', 0, 'Fashion', 'Myntra', 39764), (555, 'watches', 0, 'Fashion', 'rolex', 85233), (556, 'band', 24, 'arts', 'davinci', 48684), (557, 'shirts', 24, 'Fashion', 'zara', 40810), (558, 'ornaments', 24, 'Fashion', 'Myntra', 64821), (559, 'shirts', 9, 'Fashion', 'Logitech', 55379), (560, 'watches', 12, 'arts', 'zara', 94963), (561, 'paintings', 7, 'Fitness', 'zara', 34471), (562, 'band', 23, 'Fashion', 'davinci', 49236), (563, 'watches', 0, 'Fashion', 'Bold', 77291), (564, 'shirts', 21, 'Fashion', 'Myntra', 70557), (565, 'paintings', 0, 'arts', 'zara', 33647), (566, 'ornaments', 15, 'arts', 'Bold', 43575), (567, 'shirts', 0, 'Fashion', 'Myntra', 11498), (568, 'shoes', 20, 'arts', 'rolex', 61826), (569, 'watches', 16, 'Fitness', 'davinci', 17686), (570, 'shirts', 0, 'Fashion', 'zara', 75035), (571, 'watches', 8, 'Stationary', 'Myntra', 19241), (572, 'ornaments', 4, 'Stationary', 'Myntra', 33947), (573, 'watches', 7, 'arts', 'Myntra', 98994), (574, 'ornaments', 3, 'Fitness', 'zara', 74025), 
 (575, 'band', 20, 'arts', 'Bold', 81655), (576, 'ornaments', 5, 'Stationary', 'Bold', 76291), (577, 'paintings', 18, 'Stationary', 'Bold', 70910), 
 (578, 'shirts', 13, 'Fitness', 'Logitech', 89054), (579, 'paintings', 24, 'Stationary', 'Myntra', 22264), (580, 'ornaments', 16, 'Fashion', 'Myntra', 15503), 
 (581, 'shoes', 23, 'Fashion', 'Logitech', 66145), (582, 'ornaments', 12, 'arts', 'rolex', 31102), (583, 'shoes', 6, 'arts', 'Myntra', 68407), (584, 'shirts', 20, 'Fitness', 'Logitech', 88106),
 (585, 'band', 12, 'arts', 'zara', 59977), (586, 'watches', 22, 'arts', 'Logitech', 41529), (587, 'shirts', 12, 'arts', 'davinci', 46209), (588, 'paintings', 22, 'arts', 'zara', 90558), 
 (589, 'shoes', 12, 'arts', 'Myntra', 39505), (590, 'ornaments', 9, 'arts', 'zara', 53559), (591, 'watches', 10, 'Fashion', 'Myntra', 98436), (592, 'ornaments', 22, 'Stationary', 'rolex', 94487), (593, 'band', 1, 'Fitness', 'Logitech', 52549), (594, 'paintings', 23, 'Stationary', 'Bold', 99455), (595, 'paintings', 12, 'Stationary', 'Myntra', 23020), (596, 'band', 19, 'arts', 'zara', 95181), (597, 'paintings', 2, 'Fashion', 'Logitech', 24912), (598, 'shirts', 23, 'Stationary', 'davinci', 83969), (599, 'paintings', 20, 'arts', 'Logitech', 1968), (600, 'band', 12, 'arts', 'davinci', 9085), (601, 'shirts', 19, 'Fitness', 'davinci', 79419), (602, 'paintings', 13, 'Fitness', 'zara', 61533), (603, 'band', 17, 'Fitness', 'Myntra', 14915), (604, 'shirts', 12, 'arts', 'Logitech', 61137), (605, 'band', 9, 'Fitness', 'Myntra', 14364), (606, 'ornaments', 6, 'Fitness', 'Bold', 43369), (607, 'band', 15, 'Stationary', 'Logitech', 25075), (608, 'paintings', 19, 'Fashion', 'rolex', 52859), (609, 'ornaments', 4, 'arts', 'Myntra', 29288), (610, 'shoes', 20, 'Fitness', 'zara', 33883), (611, 'ornaments', 19, 'Fashion', 'Bold', 20728), (612, 'band', 13, 'arts', 'davinci', 60542), (613, 'band', 13, 'Fashion', 'Bold', 42197), (614, 'ornaments', 19, 'Fashion', 'davinci', 72725), (615, 'shoes', 13, 'Stationary', 'Bold', 62484), (616, 'paintings', 16, 'Stationary', 'zara', 982), (617, 'watches', 20, 'arts', 'davinci', 54948), (618, 'ornaments', 19, 'Stationary', 'Myntra', 63146), (619, 'watches', 8, 'Stationary', 'Logitech', 38748), (620, 'watches', 15, 'Fashion', 'rolex', 74671), (621, 'shoes', 11, 'Fitness', 'Myntra', 849), (622, 'shoes', 17, 'Fashion', 'Bold', 2909), (623, 'watches', 20, 'Fitness', 'rolex', 56095), (624, 'band', 10, 'Stationary', 'Logitech', 15175), (625, 'paintings', 9, 'arts', 'Myntra', 22842), (626, 'watches', 20, 'Stationary', 'zara', 64593), (627, 'band', 0, 'arts', 'Logitech', 85393), (628, 'paintings', 2, 'Fitness', 'Logitech', 49564), (629, 'shirts', 9, 'Fitness', 'davinci', 24084), (630, 'shirts', 23, 'Fitness', 'zara', 21864), (631, 'shoes', 17, 'Fashion', 'davinci', 92292), (632, 'band', 21, 'Fitness', 'zara', 73252), (633, 'band', 14, 'Fashion', 'rolex', 36695), (634, 'watches', 18, 'arts', 'Myntra', 96726), (635, 'ornaments', 8, 'Stationary', 'Bold', 99061), (636, 'paintings', 16, 'Fashion', 'davinci', 63016), (637, 'watches', 12, 'Stationary', 'rolex', 93816), (638, 'shoes', 13, 'arts', 'Logitech', 35784), (639, 'paintings', 3, 'Fashion', 'rolex', 69442), (640, 'watches', 7, 'Fitness', 'rolex', 93487), (641, 'watches', 14, 'arts', 'davinci', 33984), (642, 'band', 15, 'arts', 'Bold', 42797), (643, 'band', 10, 'Stationary', 'zara', 56894), (644, 'band', 0, 'Fitness', 'Logitech', 13818), (645, 'shoes', 21, 'Fashion', 'zara', 24029), (646, 'watches', 13, 'Fashion', 'Logitech', 51707), (647, 'paintings', 12, 'Fashion', 'Bold', 89125), (648, 'shoes', 3, 'arts', 'Bold', 68986), (649, 'paintings', 0, 'arts', 'davinci', 74735), (650, 'shoes', 2, 'Fitness', 'Logitech', 66695), (651, 'paintings', 15, 'Fashion', 'davinci', 64776), (652, 'ornaments', 3, 'arts', 'rolex', 32088), (653, 'band', 10, 'Fashion', 'Myntra', 26743), (654, 'shoes', 22, 'arts', 'Logitech', 97925), (655, 'ornaments', 22, 'Fashion', 'rolex', 80977), (656, 'paintings', 10, 'Fashion', 'davinci', 30714), (657, 'watches', 11, 'Stationary', 'Logitech', 18914), (658, 'band', 9, 'Fitness', 'rolex', 50185), (659, 'band', 15, 'Fitness', 'Myntra', 98566), (660, 'watches', 21, 'arts', 'Logitech', 25982), (661, 'paintings', 5, 'arts', 'zara', 87473), (662, 'paintings', 2, 'Fashion', 'rolex', 40308), (663, 'ornaments', 11, 'arts', 'Myntra', 14021), (664, 'ornaments', 5, 'Fashion', 'davinci', 20043), (665, 'watches', 7, 'Fashion', 'Logitech', 52928), (666, 'paintings', 8, 'Fashion', 'Logitech', 57540), (667, 'shoes', 0, 'Fitness', 'rolex', 43169), (668, 'paintings', 20, 'Fashion', 'Bold', 47310), (669, 'ornaments', 9, 'Stationary', 'Bold', 84400), (670, 'ornaments', 4, 'Fitness', 'zara', 47769), (671, 'paintings', 4, 'Fashion', 'Logitech', 23299), (672, 'shoes', 23, 'Fitness', 'Bold', 93625), (673, 'shoes', 5, 'Fitness', 'davinci', 5704), 
 (674, 'shirts', 7, 'Fitness', 'rolex', 16543), (675, 'watches', 23, 'arts', 'Myntra', 18564), (676, 'shoes', 12, 'Fitness', 'Myntra', 10545), (677, 'shoes', 3, 'Fashion', 'davinci', 27130), (678, 'band', 4, 'arts', 'davinci', 445), (679, 'watches', 4, 'Fitness', 'Myntra', 85820), (680, 'watches', 13, 'arts', 'Bold', 23307), (681, 'shoes', 24, 'Fitness', 'rolex', 43252), (682, 'ornaments', 16, 'Stationary', 'rolex', 98303), (683, 'watches', 2, 'Fashion', 'Myntra', 92632), (684, 'shoes', 13, 'arts', 'zara', 52517), (685, 'paintings', 14, 'Stationary', 'Logitech', 63567), (686, 'ornaments', 19, 'Fitness', 'Bold', 16177), (687, 'paintings', 23, 'Fitness', 'Myntra', 18775), (688, 'shoes', 21, 'Fitness', 'zara', 89833), (689, 'shirts', 7, 'Stationary', 'Myntra', 91495), (690, 'watches', 21, 'Fashion', 'zara', 51409), (691, 'band', 9, 'Stationary', 'davinci', 7619), (692, 'ornaments', 6, 'arts', 'Logitech', 35302), (693, 'ornaments', 13, 'arts', 'davinci', 71417), (694, 'watches', 16, 'Fitness', 'Logitech', 57215), (695, 'watches', 20, 'Stationary', 'Logitech', 59448), (696, 'watches', 13, 'Fitness', 'davinci', 93477), (697, 'shoes', 12, 'Fashion', 'davinci', 63493), (698, 'paintings', 12, 'Stationary', 'Logitech', 33611), (699, 'watches', 13, 'Fashion', 'Bold', 41727), (700, 'shoes', 4, 'Fashion', 'Bold', 43768), (701, 'watches', 2, 'Fitness', 'rolex', 31823), (702, 'shirts', 15, 'Fashion', 'Myntra', 3221), (703, 'paintings', 8, 'Fashion', 'Bold', 89187), (704, 'shoes', 2, 'Stationary', 'davinci', 66501), (705, 'paintings', 13, 'Fitness', 'Bold', 10409), (706, 'ornaments', 23, 'Stationary', 'davinci', 63967), (707, 'shoes', 6, 'Stationary', 'Bold', 13329), (708, 'ornaments', 17, 'Fitness', 'Logitech', 54951), (709, 'watches', 9, 'arts', 'Logitech', 75122), (710, 'shirts', 19, 'Fashion', 'zara', 25921), (711, 'paintings', 19, 'Stationary', 'Myntra', 38824), (712, 'ornaments', 0, 'arts', 'davinci', 38874), (713, 'watches', 4, 'Fashion', 'Myntra', 97637), (714, 'shoes', 21, 'Stationary', 'davinci', 84746), (715, 'shoes', 17, 'Fashion', 'zara', 98949), (716, 'paintings', 8, 'arts', 'Bold', 10917), (717, 'watches', 11, 'Stationary', 'Logitech', 32249), (718, 'paintings', 14, 'Stationary', 'rolex', 20147), 
 (719, 'ornaments', 20, 'arts', 'Myntra', 74454), (720, 'shoes', 12, 'Fashion', 'Bold', 65893), (721, 'band', 8, 'arts', 'zara', 14132), (722, 'watches', 6, 'Fitness', 'davinci', 67830), (723, 'shoes', 17, 'Fitness', 'davinci', 41454), (724, 'shirts', 13, 'Fitness', 'davinci', 85127), (725, 'shoes', 24, 'Fashion', 'Myntra', 38596), (726, 'ornaments', 12, 'Fitness', 'davinci', 18157), (727, 'shirts', 13, 'Fashion', 'rolex', 61863), (728, 'shirts', 22, 'Fashion', 'davinci', 86234), (729, 'watches', 16, 'Stationary', 'zara', 30926), (730, 'shirts', 2, 'Stationary', 'Logitech', 46038), (731, 'ornaments', 2, 'Fitness', 'Logitech', 86255), (732, 'watches', 6, 'arts', 'Myntra', 11640), (733, 'band', 4, 'arts', 'davinci', 40637), (734, 'shoes', 10, 'Fitness', 'davinci', 52584), (735, 'paintings', 20, 'arts', 'Logitech', 19487), (736, 'watches', 12, 'Stationary', 'Bold', 66103), (737, 'band', 14, 'Fashion', 'rolex', 38523), (738, 'shoes', 4, 'Stationary', 'Myntra', 38513), (739, 'band', 20, 'arts', 'Myntra', 13612), (740, 'band', 24, 'Stationary', 'Logitech', 34847), (741, 'watches', 2, 'Fitness', 'zara', 14586), (742, 'paintings', 0, 'arts', 'davinci', 491), (743, 'paintings', 2, 'Fashion', 'Bold', 93438), (744, 'shoes', 0, 'Stationary', 'Myntra', 31843), (745, 'shirts', 6, 'arts', 'Myntra', 89489), (746, 'watches', 12, 'Stationary', 'rolex', 54438), (747, 'band', 18, 'Fitness', 'zara', 15977), (748, 'band', 5, 'Fashion', 'Myntra', 30168), (749, 'ornaments', 3, 'Fitness', 'zara', 55547), (750, 'band', 8, 'Fashion', 'rolex', 36915), (751, 'ornaments', 15, 'Fashion', 'davinci', 65207), (752, 'shoes', 10, 'Stationary', 'Logitech', 20667), (753, 'shoes', 4, 'Fitness', 'Logitech', 9450), (754, 'watches', 21, 'Fashion', 'zara', 84885), (755, 'shoes', 24, 'Fitness', 'zara', 21960), (756, 'paintings', 1, 'Stationary', 'Logitech', 16524), (757, 'watches', 6, 'Fashion', 'davinci', 60706), (758, 'shirts', 15, 'Fitness', 'davinci', 89664), (759, 'paintings', 1, 'Fashion', 'davinci', 15125), (760, 'shoes', 21, 'Fashion', 'Logitech', 86541), (761, 'shoes', 10, 'Fitness', 'zara', 76335), (762, 'paintings', 5, 'arts', 'zara', 31495), (763, 'ornaments', 17, 'Fitness', 'Myntra', 34343), (764, 'shirts', 15, 'arts', 'Bold', 12503), (765, 'shoes', 19, 'Fitness', 'davinci', 5324), (766, 'watches', 10, 'Stationary', 'rolex', 90302), (767, 'shoes', 24, 'Stationary', 'davinci', 20549), (768, 'shoes', 23, 'Stationary', 'zara', 75720), (769, 'watches', 5, 'Fashion', 'zara', 46565), (770, 'shoes', 10, 'arts', 'zara', 19427), (771, 'paintings', 18, 'Stationary', 'Myntra', 94912), (772, 'band', 0, 'Stationary', 'zara', 7109), (773, 'shirts', 11, 'Fitness', 'Logitech', 47701), (774, 'paintings', 5, 'Stationary', 'rolex', 21955), (775, 'ornaments', 8, 'Stationary', 'Logitech', 88621), (776, 'ornaments', 3, 'arts', 'rolex', 65384), (777, 'band', 0, 'Fitness', 'Logitech', 73017), (778, 'shoes', 16, 'Fitness', 'rolex', 59027), (779, 'paintings', 13, 'Stationary', 'Myntra', 23111), (780, 'ornaments', 9, 'Fashion', 'Bold', 69881), (781, 'ornaments', 21, 'Stationary', 'davinci', 79253), (782, 'band', 24, 'Fashion', 'davinci', 22104), (783, 'shoes', 1, 'Stationary', 'zara', 51129), (784, 'shirts', 10, 'arts', 'rolex', 76864), (785, 'shirts', 3, 'arts', 'Logitech', 54274), (786, 'ornaments', 23, 'Fashion', 'zara', 8628), (787, 'shirts', 7, 'Stationary', 'rolex', 80208), (788, 'watches', 6, 'Fashion', 'Myntra', 73643), (789, 'band', 3, 'arts', 'zara', 54823), (790, 'shoes', 19, 'Fitness', 'zara', 58125), (791, 'shoes', 19, 'Fitness', 'rolex', 74363), (792, 'band', 23, 'Fitness', 'rolex', 61544), (793, 'shirts', 18, 'Stationary', 'rolex', 65065), (794, 'paintings', 6, 'Fitness', 'rolex', 84368), (795, 'shoes', 21, 'arts', 'zara', 39957), (796, 'watches', 18, 'Fitness', 'zara', 24846), (797, 'band', 3, 'arts', 'Bold', 79103), (798, 'band', 11, 'Fitness', 'Bold', 4212), (799, 'watches', 4, 'Fashion', 'Logitech', 48342), (800, 'band', 4, 'Fitness', 'zara', 36744), (801, 'paintings', 24, 'Fashion', 'Myntra', 68452), (802, 'paintings', 3, 'Fashion', 'Logitech', 54360), (803, 'watches', 10, 'arts', 'zara', 61930), (804, 'band', 19, 'Stationary', 'Logitech', 87690), (805, 'shoes', 18, 'Stationary', 'zara', 10662), (806, 'band', 2, 'Fashion', 'Bold', 51122), (807, 'shoes', 14, 'arts', 'davinci', 5189), (808, 'paintings', 16, 'arts', 'davinci', 84664), (809, 'watches', 23, 'Fitness', 'Logitech', 42102), (810, 'watches', 21, 'Stationary', 'Logitech', 78561), (811, 'shoes', 14, 'arts', 'Myntra', 31844), (812, 'shirts', 15, 'Stationary', 'Myntra', 14963), (813, 'shoes', 15, 'Stationary', 'Logitech', 60829), (814, 'paintings', 3, 'Fitness', 'Myntra', 43013), (815, 'watches', 7, 'Fitness', 'davinci', 14288), (816, 'shoes', 10, 'Fitness', 'Myntra', 38034), (817, 'band', 1, 'Stationary', 'Myntra', 78949), (818, 'shoes', 19, 'Fashion', 'davinci', 96319), (819, 'shirts', 4, 'Fitness', 'davinci', 71346), (820, 'shoes', 18, 'arts', 'Myntra', 10652), (821, 'shirts', 3, 'Stationary', 'rolex', 11872), (822, 'shoes', 5, 'arts', 'davinci', 45826), (823, 'shirts', 20, 'Fashion', 'davinci', 8790), (824, 'paintings', 17, 'arts', 'rolex', 85080), (825, 'paintings', 0, 'Fitness', 'Myntra', 44481), (826, 'shirts', 4, 'arts', 'rolex', 7451), (827, 'shoes', 0, 'Stationary', 'Logitech', 79297), (828, 'shirts', 8, 'Fashion', 'Myntra', 36168), (829, 'shirts', 4, 'Fitness', 'Logitech', 33754), (830, 'shirts', 11, 'Fitness', 'Myntra', 8209), (831, 'shirts', 23, 'Stationary', 'rolex', 30544), (832, 'band', 23, 'arts', 'davinci', 11344), (833, 'ornaments', 9, 'Stationary', 'davinci', 44489), (834, 'ornaments', 6, 'arts', 'zara', 38319), (835, 'paintings', 21, 'Fitness', 'Myntra', 78997), (836, 'shirts', 1, 'arts', 'Myntra', 7072), (837, 'paintings', 7, 'Fashion', 'davinci', 99818), (838, 'shirts', 0, 'Fashion', 'Logitech', 8012), (839, 'ornaments', 5, 'Fashion', 'zara', 66086), (840, 'watches', 0, 'Stationary', 'Myntra', 43078), (841, 'shirts', 11, 'Stationary', 'Myntra', 29245), (842, 'shirts', 20, 'Fashion', 'Bold', 98087), (843, 'ornaments', 1, 'Fitness', 'rolex', 98419), (844, 'shirts', 20, 'arts', 'davinci', 89433), (845, 'band', 23, 'Fitness', 'davinci', 33834), (846, 'shirts', 16, 'arts', 'Bold', 69374), (847, 'watches', 23, 'Fashion', 'Myntra', 72170), (848, 'ornaments', 22, 'Fitness', 'Myntra', 85296), (849, 'paintings', 12, 'Fashion', 'davinci', 20500), (850, 'band', 22, 'Fitness', 'Bold', 58374), (851, 'shirts', 11, 'Fashion', 'zara', 61427), (852, 'shoes', 5, 'Stationary', 'Bold', 34010), (853, 'paintings', 20, 'arts', 'rolex', 78841), (854, 'ornaments', 17, 'Fitness', 'zara', 59878), (855, 'band', 11, 'Fitness', 'zara', 48509), (856, 'paintings', 11, 'Fashion', 'zara', 74751), (857, 'band', 20, 'Fashion', 'Bold', 76025), (858, 'shirts', 10, 'Fashion', 'davinci', 725), (859, 'band', 11, 'arts', 'Logitech', 23323), (860, 'shoes', 6, 'Fashion', 'zara', 81164), (861, 'paintings', 8, 'Fitness', 'zara', 68895), (862, 'watches', 19, 'Fashion', 'zara', 72326), (863, 'shirts', 15, 'arts', 'Logitech', 24347), (864, 'shoes', 19, 'Fitness', 'Myntra', 30545), (865, 'watches', 2, 'Stationary', 'Bold', 53557), (866, 'watches', 4, 'Fashion', 'Myntra', 51878), (867, 'ornaments', 5, 'Fashion', 'rolex', 89112), (868, 'ornaments', 19, 'Stationary', 'zara', 53359), (869, 'watches', 6, 'arts', 'Logitech', 15746), (870, 'ornaments', 0, 'arts', 'davinci', 64560), (871, 'shoes', 24, 'Fashion', 'zara', 87792), (872, 'ornaments', 17, 'arts', 'zara', 47572), (873, 'ornaments', 5, 'Fashion', 'Logitech', 39424), (874, 'ornaments', 6, 'Fitness', 'davinci', 68762), (875, 'ornaments', 23, 'Stationary', 'Logitech', 22670), (876, 'band', 11, 'Stationary', 'Myntra', 82086), (877, 'shoes', 21, 'Fashion', 'davinci', 6891), (878, 'paintings', 4, 'arts', 'Logitech', 67182), (879, 'shirts', 21, 'Stationary', 'davinci', 4326), (880, 'paintings', 24, 'Fitness', 'Myntra', 81237), (881, 'ornaments', 14, 'arts', 'Myntra', 53858), (882, 'ornaments', 4, 'Stationary', 'rolex', 57391), 
 (883, 'shirts', 23, 'Fitness', 'davinci', 58692), (884, 'ornaments', 17, 'Fashion', 'Logitech', 68170), (885, 'watches', 13, 'Stationary', 'rolex', 35946), 
 (886, 'band', 17, 'Fitness', 'davinci', 98333), (887, 'shirts', 3, 'arts', 'davinci', 3098), (888, 'shoes', 3, 'Fitness', 'davinci', 96147), (889, 'watches', 7, 'Fitness', 'rolex', 33195), 
 (890, 'paintings', 1, 'Stationary', 'zara', 55075), (891, 'shoes', 21, 'Fitness', 'davinci', 43571), (892, 'shirts', 8, 'Fashion', 'rolex', 36448), (893, 'band', 18, 'Fashion', 'zara', 84943),
 (894, 'paintings', 3, 'Fitness', 'zara', 81425), (895, 'watches', 0, 'arts', 'zara', 65197), (896, 'ornaments', 0, 'arts', 'Bold', 29835), (897, 'watches', 16, 'Stationary', 'Myntra', 34249),
 (898, 'paintings', 18, 'Stationary', 'zara', 39700), (899, 'watches', 17, 'Stationary', 'rolex', 73305), (900, 'shirts', 4, 'Stationary', 'Myntra', 53024), (901, 'watches', 3, 'arts', 'zara', 13953), (902, 'paintings', 12, 'Fitness', 'Bold', 98884), (903, 'paintings', 1, 'Fashion', 'Myntra', 44345), (904, 'paintings', 18, 'Fitness', 'rolex', 49964), (905, 'shoes', 12, 'Fashion', 'rolex', 42052), (906, 'paintings', 23, 'Stationary', 'zara', 18818), (907, 'paintings', 9, 'Fashion', 'Logitech', 83247), (908, 'watches', 14, 'Fitness', 'Myntra', 48497), (909, 'band', 9, 'Stationary', 'Myntra', 76699), (910, 'shoes', 13, 'arts', 'rolex', 73890), (911, 'shirts', 16, 'Stationary', 'Logitech', 86254), (912, 'ornaments', 1, 'arts', 'Bold', 64134), (913, 'band', 9, 'Stationary', 'zara', 58397), (914, 'paintings', 22, 'Stationary', 'davinci', 77242), (915, 'shirts', 20, 'Fitness', 'Myntra', 37904), (916, 'band', 23, 'arts', 'Logitech', 55543), (917, 'ornaments', 13, 'arts', 'Bold', 63766), (918, 'watches', 19, 'arts', 'davinci', 32890), (919, 'watches', 2, 'Fashion', 'rolex', 27337), (920, 'paintings', 14, 'Stationary', 'Bold', 40273), (921, 'band', 7, 'arts', 'Bold', 39874), (922, 'shirts', 2, 'Stationary', 'zara', 41813), (923, 'paintings', 24, 'Fashion', 'zara', 84932), (924, 'ornaments', 20, 'Fashion', 'Logitech', 80356), (925, 'ornaments', 4, 'arts', 'rolex', 63430), (926, 'paintings', 7, 'Stationary', 'Logitech', 54257), (927, 'band', 7, 'Stationary', 'zara', 65588), (928, 'band', 15, 'Stationary', 'Bold', 5468), (929, 'band', 17, 'Stationary', 'zara', 47843), (930, 'paintings', 13, 'Fitness', 'zara', 47287), (931, 'ornaments', 22, 'Fitness', 'Myntra', 78728), (932, 'watches', 17, 'Fitness', 'davinci', 58513), (933, 'band', 0, 'Fashion', 'zara', 18388), (934, 'ornaments', 3, 'Fitness', 'rolex', 25514), (935, 'ornaments', 2, 'arts', 'rolex', 83415), (936, 'ornaments', 17, 'Fashion', 'Bold', 53597), (937, 'shirts', 10, 'Fashion', 'Logitech', 78868), (938, 'paintings', 14, 'Stationary', 'Myntra', 26440), (939, 'paintings', 3, 'Fitness', 'Logitech', 67405), (940, 'paintings', 3, 'arts', 'Myntra', 43977), (941, 'shoes', 2, 'arts', 'davinci', 30102), (942, 'band', 1, 'Fashion', 'Logitech', 15227), (943, 'shoes', 2, 'Fitness', 'zara', 19500), (944, 'shoes', 24, 'Fitness', 'davinci', 68009), (945, 'shirts', 3, 'Fashion', 'Bold', 15321), (946, 'band', 1, 'Fitness', 'davinci', 71067), (947, 'watches', 14, 'arts', 'zara', 41933), (948, 'band', 0, 'Fitness', 'zara', 33738), (949, 'band', 0, 'arts', 'zara', 69792), (950, 'shirts', 1, 'Fitness', 'Logitech', 62752), (951, 'band', 13, 'Fitness', 'Bold', 61608), (952, 'shirts', 18, 'Fashion', 'Myntra', 98383), (953, 'shirts', 21, 'Stationary', 'Myntra', 36678), (954, 'band', 21, 'Stationary', 'Myntra', 91240), (955, 'shoes', 4, 'Stationary', 'Myntra', 28377), (956, 'watches', 4, 'Fashion', 'zara', 50584), (957, 'paintings', 15, 'arts', 'Bold', 62239), (958, 'shirts', 5, 'Fashion', 'davinci', 99071), (959, 'shoes', 6, 'Stationary', 'zara', 91652), (960, 'band', 21, 'Stationary', 'zara', 75286), (961, 'shoes', 19, 'Fitness', 'zara', 33427), (962, 'watches', 3, 'arts', 'zara', 5463), (963, 'shoes', 22, 'arts', 'Logitech', 67101), (964, 'shirts', 0, 'Stationary', 'Bold', 3770), (965, 'ornaments', 13, 'arts', 'Myntra', 91421), (966, 'shirts', 4, 'Fitness', 'rolex', 43256), (967, 'watches', 14, 'Stationary', 'rolex', 55885), (968, 'paintings', 13, 'Stationary', 'rolex', 89398), (969, 'shoes', 18, 'Stationary', 'rolex', 90403), (970, 'watches', 15, 'arts', 'rolex', 96745), (971, 'shirts', 23, 'Stationary', 'zara', 29107), (972, 'shirts', 12, 'Fitness', 'Myntra', 46951), (973, 'watches', 4, 'arts', 'rolex', 99201), (974, 'band', 12, 'Fashion', 'Bold', 31573), (975, 'band', 24, 'Stationary', 'Logitech', 1147), (976, 'paintings', 1, 'Fitness', 'Myntra', 3925), (977, 'watches', 13, 'Fashion', 'rolex', 80425), (978, 'shirts', 4, 'Fashion', 'rolex', 21749), (979, 'watches', 8, 'Fitness', 'Logitech', 8407), (980, 'paintings', 1, 'arts', 'davinci', 93408), (981, 'band', 18, 'Fitness', 'Myntra', 85199), (982, 'shirts', 23, 'Fashion', 'rolex', 16947), (983, 'shoes', 23, 'arts', 'Myntra', 86061), (984, 'band', 16, 'Stationary', 'Bold', 20551), (985, 'ornaments', 21, 'Fashion', 'rolex', 17986), (986, 'watches', 13, 'Stationary', 'Myntra', 59749), (987, 'band', 14, 'Fashion', 'Logitech', 68970), (988, 'watches', 4, 'Stationary', 'Logitech', 89197), (989, 'watches', 9, 'Stationary', 'Bold', 18437), (990, 'shirts', 5, 'Stationary', 'davinci', 87763), (991, 'ornaments', 19, 'arts', 'Logitech', 99780), (992, 'paintings', 1, 'Stationary', 'Myntra', 82915), (993, 'shoes', 22, 'Fitness', 'zara', 84693), (994, 'ornaments', 4, 'arts', 'Bold', 7396), (995, 'paintings', 22, 'arts', 'Bold', 35695), (996, 'ornaments', 11, 'Fitness', 'Myntra', 67454), (997, 'paintings', 1, 'Fitness', 'Myntra', 23314), (998, 'shoes', 14, 'Fitness', 'davinci', 42947), (999, 'paintings', 8, 'arts', 'Myntra', 18209), (1000, 'paintings', 9, 'Stationary', 'Bold', 5648), (1001, 'shoes', 6, 'Stationary', 'Bold', 21724), (1002, 'paintings', 8, 'Stationary', 'zara', 48169), (1003, 'paintings', 1, 'Fashion', 'davinci', 98417), (1004, 'band', 24, 'Fitness', 'davinci', 57726), (1005, 'shoes', 6, 'Stationary', 'davinci', 60722), (1006, 'shirts', 9, 'Stationary', 'rolex', 29735), (1007, 'ornaments', 1, 'arts', 'Bold', 11089), (1008, 'shoes', 10, 'Fitness', 'zara', 77069), (1009, 'shirts', 1, 'Fashion', 'zara', 16487), (1010, 'band', 4, 'Fitness', 'davinci', 6239), (1011, 'watches', 1, 'Stationary', 'Myntra', 27454), (1012, 'band', 24, 'arts', 'Myntra', 96134), (1013, 'shoes', 6, 'Fitness', 'davinci', 20766), (1014, 'shirts', 1, 'Stationary', 'Bold', 89432), (1015, 'shoes', 22, 'arts', 'rolex', 55013), (1016, 'shoes', 22, 'Fashion', 'Bold', 41892), (1017, 'paintings', 23, 'Fitness', 'rolex', 67283), (1018, 'shirts', 2, 'Fitness', 'zara', 11722), (1019, 'watches', 12, 'Fitness', 'rolex', 33220), (1020, 'paintings', 18, 'Fashion', 'zara', 12604), (1021, 'band', 20, 'Fashion', 'Bold', 30393), (1022, 'band', 24, 'arts', 'zara', 5428), (1023, 'ornaments', 20, 'Stationary', 'rolex', 84496), (1024, 'watches', 8, 'Fashion', 'rolex', 94704), (1025, 'shirts', 24, 'Fitness', 'rolex', 35681), (1026, 'band', 3, 'Stationary', 'Myntra', 62138), (1027, 'watches', 10, 'Fitness', 'davinci', 26188), (1028, 'band', 3, 'Fitness', 'rolex', 77271), 
 (1029, 'watches', 1, 'Fitness', 'rolex', 76059), (1030, 'band', 23, 'arts', 'Logitech', 50072), (1031, 'paintings', 20, 'arts', 'zara', 31797), 
 (1032, 'band', 6, 'Fitness', 'davinci', 74231), (1033, 'paintings', 21, 'Fashion', 'Logitech', 79002), (1034, 'watches', 13, 'arts', 'rolex', 75479),
 (1035, 'paintings', 9, 'Stationary', 'Bold', 10514), (1036, 'paintings', 14, 'Fitness', 'zara', 77075), (1037, 'band', 20, 'Stationary', 'Myntra', 56472), 
 (1038, 'ornaments', 5, 'arts', 'Myntra', 85237), (1039, 'band', 5, 'arts', 'Myntra', 80278), (1040, 'shirts', 5, 'Fitness', 'zara', 46106), 
 (1041, 'ornaments', 12, 'Stationary', 'davinci', 85053), (1042, 'watches', 5, 'Fashion', 'Bold', 57367), (1043, 'paintings', 9, 'arts', 'davinci', 11395), 
 (1044, 'band', 5, 'Fitness', 'Bold', 18270), (1045, 'watches', 19, 'Fitness', 'Logitech', 7947), (1046, 'shirts', 2, 'Fashion', 'rolex', 77173), 
 (1047, 'shirts', 22, 'Fitness', 'Logitech', 76930), (1048, 'paintings', 18, 'arts', 'Bold', 39780), (1049, 'paintings', 7, 'Fitness', 'zara', 80605),
 (1050, 'paintings', 1, 'Fitness', 'davinci', 40850), (1051, 'paintings', 10, 'arts', 'Bold', 69232), (1052, 'ornaments', 12, 'Stationary', 'Bold', 75883), 
 (1053, 'paintings', 16, 'Fashion', 'Myntra', 37646), (1054, 'shoes', 11, 'Fitness', 'rolex', 14957), (1055, 'ornaments', 14, 'Fashion', 'rolex', 38108), 
 (1056, 'shoes', 22, 'Fitness', 'zara', 15769), (1057, 'ornaments', 18, 'Fitness', 'rolex', 44368), (1058, 'shoes', 17, 'Stationary', 'Myntra', 28242), 
 (1059, 'shoes', 7, 'arts', 'davinci', 24072), (1060, 'paintings', 15, 'arts', 'zara', 15226), (1061, 'shoes', 13, 'Fitness', 'Bold', 49153),
 (1062, 'paintings', 0, 'Stationary', 'Myntra', 29176), (1063, 'shirts', 17, 'Stationary', 'Bold', 85564), (1064, 'band', 21, 'Stationary', 'davinci', 51760), 
 (1065, 'shoes', 14, 'Fashion', 'Bold', 946), (1066, 'band', 20, 'Fitness', 'Bold', 35297), (1067, 'watches', 23, 'Stationary', 'davinci', 83171), 
 (1068, 'shirts', 23, 'Fitness', 'rolex', 8789), (1069, 'shoes', 0, 'Fashion', 'Myntra', 73607), (1070, 'watches', 5, 'Stationary', 'davinci', 88730), 
 (1071, 'shirts', 22, 'Fashion', 'rolex', 85721), (1072, 'watches', 15, 'arts', 'Bold', 12848), (1073, 'shoes', 3, 'Fashion', 'Bold', 22607), 
 (1074, 'band', 7, 'Stationary', 'davinci', 50189), (1075, 'paintings', 11, 'arts', 'zara', 92695), (1076, 'watches', 23, 'Fitness', 'Myntra', 14496), 
 (1077, 'ornaments', 6, 'Fitness', 'Myntra', 24955), (1078, 'watches', 8, 'Stationary', 'Logitech', 14703), (1079, 'shirts', 24, 'arts', 'zara', 39119), 
 (1080, 'paintings', 12, 'Stationary', 'rolex', 33734), (1081, 'shoes', 17, 'arts', 'Bold', 6223), (1082, 'shirts', 18, 'Fitness', 'rolex', 80999), (1083, 'band', 20, 'Fitness', 'Logitech', 32801), (1084, 'shoes', 10, 'Fashion', 'davinci', 97336), (1085, 'watches', 20, 'Fitness', 'Myntra', 36988), (1086, 'shirts', 22, 'arts', 'Bold', 62002), (1087, 'band', 12, 'Fitness', 'Bold', 22410), (1088, 'paintings', 20, 'arts', 'Bold', 98489), (1089, 'band', 20, 'arts', 'rolex', 74035),
 (1090, 'watches', 19, 'Stationary', 'Myntra', 78906), (1091, 'shirts', 20, 'arts', 'rolex', 90609), (1092, 'band', 13, 'Stationary', 'Logitech', 66402), (1093, 'shoes', 1, 'Fitness', 'zara', 95726), (1094, 'ornaments', 23, 'Fashion', 'Myntra', 61031), (1095, 'ornaments', 12, 'Fitness', 'rolex', 50977), (1096, 'watches', 10, 'Fashion', 'Myntra', 93601), (1097, 'paintings', 9, 'Fitness', 'Bold', 88448), (1098, 'shirts', 7, 'Fitness', 'zara', 69492), (1099, 'shirts', 2, 'Stationary', 'Bold', 14785), (1100, 'shoes', 11, 'Stationary', 'rolex', 85006);


insert into user_data(user_id , user_name, gender, phone_number, category) values (1, 'mydeena', 'M', '7254489698', 'Silver'), (2, 'hillala', 'F', '5388263164', 'Silver'), (3, 'Fariq', 'F', '7963448137', 'Bronze'), (4, 'Fariq', 'F', '9942546921', 'Gold'), (5, 'Raseen', 'M', '9315144772', 'Silver'), (6, 'Raseen', 'M', '6965445899', 'Gold'), (7, 'hillala', 'M', '2414971184', 'Silver'), (8, 'Fariq', 'F', '8364365777', 'Gold'), (9, 'hillala', 'M', '2441399197', 'Gold'), (10, 'Fariq', 'F', '1262661149', 'Bronze'), (11, 'Faizal', 'F', '4416564855', 'Bronze'), (12, 'mydeena', 'F', '9826814255', 'Gold'), (13, 'hillala', 'M', '3975789324', 'Gold'), (14, 'Azara', 'M', '4882926249', 'Silver'), (15, 'Faizal', 'M', '4178386171', 'Bronze'), (16, 'hillala', 'M', '3233836459', 'Gold'), (17, 'mydeena', 'M', '8613645938', 'Gold'), (18, 'Azara', 'M', '7254448486', 'Bronze'), (19, 'Faizal', 'F', '9173798821', 'Gold'), (20, 'Fariq', 'M', '8492964588', 'Bronze'), (21, 'hillala', 'F', '3261771545', 'Gold'), (22, 'Fariq', 'M', '4564971869', 'Bronze'), (23, 'Faizal', 'M', '9272941892', 'Gold'), (24, 'hillala', 'F', '5614233726', 'Gold'), (25, 'Azara', 'M', '9942263826', 'Bronze'), (26, 'MOhammed', 'M', '2961585821', 'Silver'), (27, 'Fariq', 'F', '4716782973', 'Bronze'), (28, 'hillala', 'F', '9649794947', 'Gold'), (29, 'Umar', 'M', '5659164133', 'Gold'), (30, 'Azara', 'F', '6865841115', 'Silver'), (31, 'Fariq', 'M', '3449384391', 'Silver'), (32, 'Fariq', 'F', '1922369444', 'Gold'), (33, 'Faizal', 'M', '3512816514', 'Bronze'), (34, 'mydeena', 'M', '6768667275', 'Gold'), (35, 'Azara', 'M', '6249556915', 'Silver'), 
(36, 'MOhammed', 'F', '5572991941', 'Bronze'), (37, 'MOhammed', 'F', '6242932738', 'Silver'), (38, 'Fariq', 'M', '3839219557', 'Silver'), 
(39, 'MOhammed', 'M', '1497728937', 'Gold'), (40, 'Faizal', 'F', '2211615455', 'Gold'), (41, 'Raseen', 'F', '6443714877', 'Gold'), 
(42, 'Fariq', 'M', '6297279756', 'Gold'), (43, 'hillala', 'F', '1231177348', 'Gold'), (44, 'Faizal', 'F', '1445256329', 'Silver'),
 (45, 'mydeena', 'F', '6196346759', 'Silver'), (46, 'Faizal', 'M', '2693161245', 'Silver'), (47, 'Azara', 'M', '8211239953', 'Gold'),
 (48, 'Fariq', 'M', '4459363946', 'Gold'), (49, 'Azara', 'M', '3153178111', 'Gold'), (50, 'Faizal', 'F', '6638373273', 'Bronze'), 
 (51, 'mydeena', 'M', '4943895827', 'Gold'), (52, 'Azara', 'M', '5813758743', 'Gold'), (53, 'mydeena', 'F', '8889131912', 'Silver'), 
 (54, 'Faizal', 'F', '7615216643', 'Silver'), (55, 'mydeena', 'M', '2739778471', 'Silver'), (56, 'Umar', 'M', '9172729491', 'Bronze'), 
 (57, 'MOhammed', 'M', '7875288742', 'Bronze'), (58, 'Azara', 'M', '9635542321', 'Gold'), (59, 'Azara', 'F', '9764213136', 'Gold'), 
 (60, 'Raseen', 'M', '9563783986', 'Bronze'), (61, 'MOhammed', 'F', '7847161785', 'Gold'), (62, 'Umar', 'M', '4127279872', 'Gold'), 
 (63, 'MOhammed', 'M', '7911743145', 'Silver'), (64, 'Fariq', 'F', '5499596133', 'Bronze'), (65, 'Raseen', 'F', '2534343639', 'Bronze'),
 (66, 'Raseen', 'M', '2279883471', 'Silver'), (67, 'Raseen', 'F', '6264252918', 'Bronze'), (68, 'Raseen', 'M', '6557955575', 'Gold'), 
 (69, 'Raseen', 'M', '2637295787', 'Gold'), (70, 'hillala', 'M', '1987138976', 'Gold'), (71, 'Faizal', 'M', '9456415522', 'Gold'), 
 (72, 'Raseen', 'M', '2972936161', 'Gold'), (73, 'Azara', 'F', '6984539761', 'Gold'), (74, 'mydeena', 'F', '1297395881', 'Silver'), 
 (75, 'mydeena', 'F', '1236779784', 'Silver'), (76, 'MOhammed', 'M', '3398544575', 'Silver'), (77, 'Raseen', 'M', '4195596754', 'Silver'),
 (78, 'Raseen', 'F', '5556465718', 'Gold'), (79, 'MOhammed', 'F', '4424255679', 'Gold'), (80, 'MOhammed', 'F', '8819139487', 'Gold'),
 (81, 'MOhammed', 'M', '7234836654', 'Silver'), (82, 'Umar', 'F', '4666218122', 'Gold'), (83, 'mydeena', 'F', '3837788394', 'Silver'),
 (84, 'Raseen', 'M', '9152975137', 'Gold'), (85, 'Faizal', 'M', '2299446963', 'Silver'), (86, 'MOhammed', 'M', '8561186893', 'Silver'),
 (87, 'MOhammed', 'F', '1528199568', 'Bronze'), (88, 'hillala', 'F', '7155756975', 'Bronze'), (89, 'Umar', 'M', '3484712416', 'Silver'), 
 (90, 'Raseen', 'M', '4618348679', 'Gold'), (91, 'Fariq', 'M', '3248911463', 'Silver'), (92, 'Azara', 'M', '7968654465', 'Bronze'), (93, 'mydeena', 'F', '9739583195', 'Silver'), 
 (94, 'mydeena', 'M', '4538191868', 'Gold'), (95, 'Raseen', 'F', '1426725167', 'Silver'), (96, 'Faizal', 'M', '8715867312', 'Bronze'), (97, 'Raseen', 'F', '5515863523', 'Bronze'), 
 (98, 'MOhammed', 'F', '3636283724', 'Bronze'), (99, 'Faizal', 'F', '1694821332', 'Bronze'), (100, 'Raseen', 'F', '3563282627', 'Gold'), 
 (101, 'MOhammed', 'M', '5198267344', 'Silver'), (102, 'Faizal', 'F', '5296457179', 'Gold'), (103, 'Fariq', 'F', '1497229294', 'Bronze'), (104, 'Faizal', 'F', '3878112191', 'Gold'),
 (105, 'hillala', 'F', '6969779775', 'Silver'), (106, 'MOhammed', 'M', '1197154464', 'Silver'), (107, 'MOhammed', 'M', '2171397261', 'Bronze'),
 (108, 'hillala', 'M', '8869246648', 'Gold'), (109, 'MOhammed', 'M', '5269952223', 'Gold'), (110, 'Azara', 'M', '8857429457', 'Silver'), (111, 'Azara', 'M', '1716236251', 'Silver'), (112, 'Azara', 'F', '1782138597', 'Silver'), (113, 'mydeena', 'M', '5835242224', 'Silver'), (114, 'Fariq', 'M', '1561917157', 'Gold'), (115, 'mydeena', 'F', '6365725432', 'Silver'), (116, 'Azara', 'M', '8768315811', 'Bronze'), (117, 'Faizal', 'M', '2479495643', 'Gold'), (118, 'Faizal', 'M', '6279656773', 'Bronze'), (119, 'Azara', 'M', '2222984848', 'Bronze'), (120, 'Azara', 'F', '5357143542', 'Gold'), (121, 'Raseen', 'M', '9684268412', 'Silver'), (122, 'Raseen', 'M', '6385953232', 'Silver'), (123, 'MOhammed', 'F', '4936143458', 'Silver'), (124, 'Faizal', 'M', '5941682946', 'Bronze'), (125, 'Faizal', 'M', '5749693151', 'Bronze'), (126, 'Umar', 'M', '3792777123', 'Bronze'), (127, 'Raseen', 'M', '1594178717', 'Silver'), (128, 'Azara', 'F', '7289198551', 'Gold'), (129, 'hillala', 'M', '3755177441', 'Bronze'), (130, 'Faizal', 'M', '1452623365', 'Silver'), (131, 'Fariq', 'F', '3874586855', 'Gold'), (132, 'Raseen', 'M', '5517696757', 'Silver'), (133, 'hillala', 'F', '1573288538', 'Gold'), (134, 'hillala', 'F', '1718167766', 'Silver'), (135, 'Umar', 'F', '1286974797', 'Bronze'), (136, 'Umar', 'F', '6682686561', 'Gold'), (137, 'mydeena', 'F', '7311994963', 'Silver'), (138, 'mydeena', 'M', '1431762926', 'Bronze'), (139, 'Azara', 'F', '1933525531', 'Bronze'), (140, 'mydeena', 'M', '6232149539', 'Bronze'), (141, 'Raseen', 'M', '6958841479', 'Bronze'), (142, 'Azara', 'M', '4616637117', 'Silver'), (143, 'Umar', 'M', '7554672874', 'Gold'), (144, 'Raseen', 'M', '9195558792', 'Silver'), (145, 'MOhammed', 'M', '8826329434', 'Bronze'), (146, 'Faizal', 'F', '5718299866', 'Gold'), (147, 'Umar', 'M', '8384373652', 'Silver'), (148, 'Raseen', 'M', '1655223751', 'Bronze'), (149, 'Fariq', 'M', '9994623576', 'Gold'), (150, 'Raseen', 'M', '2751159353', 'Silver'), (151, 'Azara', 'F', '1913963749', 'Gold'), (152, 'Faizal', 'F', '7319312197', 'Silver'), (153, 'mydeena', 'M', '8439873236', 'Silver'), (154, 'MOhammed', 'M', '2438455791', 'Silver'), (155, 'Azara', 'M', '7359761883', 'Gold'), (156, 'MOhammed', 'M', '4443412929', 'Gold'), (157, 'Raseen', 'F', '1973832773', 'Gold'), (158, 'Azara', 'F', '5927854563', 'Gold'), (159, 'Fariq', 'F', '9315235596', 'Gold'), (160, 'mydeena', 'M', '5861263499', 'Gold'), (161, 'Raseen', 'M', '1479138135', 'Gold'), (162, 'Faizal', 'M', '5821576977', 'Gold'), (163, 'Raseen', 'M', '1954838947', 'Gold'), (164, 'Faizal', 'M', '9676152665', 'Bronze'), (165, 'Fariq', 'M', '9355458978', 'Bronze'), (166, 'mydeena', 'M', '7754774739', 'Gold'), (167, 'mydeena', 'F', '3982434928', 'Silver'), (168, 'Raseen', 'F', '9729151756', 'Silver'), (169, 'Fariq', 'M', '7349217184', 'Silver'),
 (170, 'hillala', 'F', '3189998868', 'Silver'), (171, 'Raseen', 'F', '4449939527', 'Silver'), (172, 'hillala', 'M', '9884795878', 'Gold'), 
 (173, 'Fariq', 'M', '1512798336', 'Bronze'), (174, 'Raseen', 'F', '6311972848', 'Gold'), (175, 'Umar', 'M', '9932458469', 'Silver'), 
 (176, 'Fariq', 'F', '5281654225', 'Bronze'), (177, 'MOhammed', 'M', '3468926999', 'Silver'), (178, 'MOhammed', 'F', '8648791963', 'Bronze'),
 (179, 'Raseen', 'F', '3783124596', 'Bronze'), (180, 'Raseen', 'F', '2186873872', 'Silver'), (181, 'Fariq', 'F', '3936149693', 'Gold'),
 (182, 'Faizal', 'M', '6452352783', 'Gold'), (183, 'Raseen', 'F', '1516354372', 'Silver'), (184, 'hillala', 'F', '6448647997', 'Bronze'), (185, 'Umar', 'F', '3766731225', 'Silver'), 
 (186, 'hillala', 'M', '8559984296', 'Silver'), (187, 'hillala', 'M', '3394283541', 'Gold'), (188, 'hillala', 'M', '2893177398', 'Silver'),
 (189, 'Azara', 'F', '1618487561', 'Bronze'), (190, 'Fariq', 'F', '5867946832', 'Bronze'), (191, 'mydeena', 'M', '3428194333', 'Silver'), 
 (192, 'Faizal', 'F', '1563412755', 'Bronze'), (193, 'mydeena', 'M', '1888811728', 'Silver'), (194, 'mydeena', 'M', '4843633794', 'Silver'),
 (195, 'Faizal', 'F', '3958816943', 'Silver'), (196, 'Raseen', 'M', '6492381241', 'Gold'), (197, 'mydeena', 'M', '6835653563', 'Silver'), 
 (198, 'mydeena', 'M', '9462259827', 'Gold'), (199, 'hillala', 'F', '8911832155', 'Silver'), (200, 'Umar', 'M', '3888844912', 'Gold'), 
 (201, 'Fariq', 'F', '4552143225', 'Silver'), (202, 'hillala', 'M', '9356148526', 'Bronze'), (203, 'hillala', 'F', '7726214429', 'Silver'),
 (204, 'Raseen', 'M', '4699975843', 'Bronze'), (205, 'MOhammed', 'F', '6388482563', 'Silver'), (206, 'Umar', 'M', '4261744686', 'Silver'),
 (207, 'Faizal', 'M', '1734945686', 'Bronze'), (208, 'Azara', 'F', '6623661992', 'Gold'), (209, 'hillala', 'M', '3963367945', 'Gold'), (210, 'Raseen', 'M', '1827525861', 'Gold'), (211, 'hillala', 'F', '7591783372', 'Bronze'), (212, 'MOhammed', 'M', '6468135785', 'Gold'), (213, 'MOhammed', 'F', '2829459133', 'Silver'), (214, 'hillala', 'M', '1256856848', 'Gold'), (215, 'mydeena', 'M', '7811943866', 'Gold'), (216, 'Fariq', 'M', '6811467692', 'Silver'), (217, 'Faizal', 'M', '8697369224', 'Silver'), (218, 'Fariq', 'M', '5668532267', 'Bronze'), (219, 'Fariq', 'M', '2954111537', 'Silver'), (220, 'Raseen', 'M', '9525186448', 'Gold'), (221, 'MOhammed', 'M', '8168317374', 'Silver'), (222, 'mydeena', 'F', '8561763454', 'Silver'), (223, 'hillala', 'F', '5417692133', 'Bronze'), (224, 'Raseen', 'M', '1589127558', 'Gold'), (225, 'Umar', 'M', '5489641824', 'Silver'), (226, 'Faizal', 'F', '7361938748', 'Silver'), (227, 'mydeena', 'F', '9876525543', 'Bronze'), (228, 'Umar', 'M', '7725266349', 'Gold'), (229, 'MOhammed', 'F', '8244483891', 'Silver'), (230, 'mydeena', 'M', '5928993457', 'Silver'), (231, 'hillala', 'M', '2384266199', 'Silver'), (232, 'Azara', 'F', '8185519883', 'Bronze'), (233, 'hillala', 'M', '9778519317', 'Silver'), (234, 'Fariq', 'M', '5518228974', 'Silver'), (235, 'Azara', 'M', '8627184556', 'Bronze'), (236, 'Umar', 'M', '4597557797', 'Silver'), (237, 'mydeena', 'F', '2737336111', 'Gold'), (238, 'mydeena', 'M', '4183744563', 'Gold'), (239, 'Fariq', 'F', '9575176387', 'Bronze'), (240, 'hillala', 'M', '7167298954', 'Gold'), (241, 'Azara', 'M', '9219183217', 'Silver'), (242, 'mydeena', 'M', '8745688367', 'Silver'), (243, 'Fariq', 'F', '6925645626', 'Bronze'), (244, 'Fariq', 'F', '4559671496', 'Gold'), (245, 'MOhammed', 'F', '2458191841', 'Gold'), (246, 'mydeena', 'F', '2324925485', 'Bronze'), 
 (247, 'Raseen', 'M', '3948865498', 'Bronze'), (248, 'Azara', 'M', '2359217972', 'Gold'), (249, 'hillala', 'M', '2997457786', 'Silver'),
 (250, 'Umar', 'M', '3852884434', 'Gold'), (251, 'Fariq', 'M', '4955398292', 'Bronze'), (252, 'mydeena', 'M', '1672127469', 'Gold'),
 (253, 'hillala', 'M', '9747255197', 'Silver'), (254, 'Azara', 'M', '3134273415', 'Gold'), (255, 'mydeena', 'F', '1256491778', 'Bronze'),
 (256, 'MOhammed', 'F', '7985228234', 'Gold'), (257, 'Raseen', 'F', '4155847972', 'Gold'), (258, 'Raseen', 'M', '2699613716', 'Silver'),
 (259, 'MOhammed', 'F', '7882796838', 'Silver'), (260, 'hillala', 'M', '5164613836', 'Silver'), (261, 'Umar', 'M', '7535916889', 'Silver'), 
 (262, 'MOhammed', 'M', '7625885924', 'Bronze'), (263, 'Raseen', 'M', '2739673835', 'Gold'), (264, 'Faizal', 'M', '3258297723', 'Gold'),
 (265, 'mydeena', 'M', '5795722882', 'Silver'), (266, 'Raseen', 'F', '1949889868', 'Bronze'), (267, 'Faizal', 'M', '2291558399', 'Bronze'),
 (268, 'Faizal', 'F', '5264843838', 'Gold'), (269, 'Raseen', 'F', '1433595634', 'Bronze'), (270, 'Azara', 'F', '6333342581', 'Gold'), 
 (271, 'Raseen', 'M', '9245353955', 'Silver'), (272, 'mydeena', 'M', '8873472159', 'Gold'), (273, 'MOhammed', 'M', '6538499649', 'Bronze'), 
 (274, 'Raseen', 'M', '7672917998', 'Silver'), (275, 'MOhammed', 'F', '9735673696', 'Silver'), (276, 'Raseen', 'F', '6725156914', 'Bronze'), (277, 'Faizal', 'F', '2366748548', 'Bronze'), (278, 'hillala', 'M', '7845763678', 'Gold'), (279, 'Faizal', 'M', '9698967359', 'Silver'), (280, 'Azara', 'M', '7648157123', 'Silver'), (281, 'Raseen', 'F', '5318827922', 'Silver'), (282, 'hillala', 'M', '3991324346', 'Silver'), (283, 'Fariq', 'F', '5874716411', 'Gold'), (284, 'mydeena', 'M', '2822642635', 'Gold'), (285, 'mydeena', 'M', '9639633696', 'Bronze'), (286, 'Fariq', 'M', '5827222466', 'Bronze'), (287, 'Azara', 'M', '3186468118', 'Gold'), (288, 'Fariq', 'M', '2491265445', 'Gold'), (289, 'Azara', 'M', '4478837595', 'Silver'), (290, 'Azara', 'M', '3452262717', 'Silver'), (291, 'hillala', 'F', '4539829951', 'Silver'), (292, 'hillala', 'M', '8334251576', 'Gold'), (293, 'Raseen', 'M', '5553436947', 'Silver'), (294, 'MOhammed', 'M', '1964495331', 'Silver'), (295, 'Raseen', 'M', '6157364958', 'Silver'), (296, 'Fariq', 'M', '6827995256', 'Gold'), (297, 'hillala', 'F', '7945897585', 'Silver'), (298, 'hillala', 'F', '7224677184', 'Silver'), (299, 'Azara', 'M', '9982144991', 'Bronze'), (300, 'Umar', 'F', '3324518129', 'Gold'), (301, 'Umar', 'M', '8515432835', 'Silver'), (302, 'hillala', 'F', '2849766594', 'Silver'), (303, 'Umar', 'M', '7116644915', 'Silver'), (304, 'mydeena', 'M', '4533875369', 'Gold'), (305, 'Faizal', 'F', '7443755323', 'Silver'), (306, 'Azara', 'F', '2632457947', 'Gold'), (307, 'MOhammed', 'F', '4236856725', 'Bronze'), (308, 'Raseen', 'M', '5827789366', 'Gold'), (309, 'Umar', 'M', '5941328271', 'Gold'), (310, 'Raseen', 'F', '8589377928', 'Silver'), (311, 'Azara', 'M', '3627774622', 'Silver'), (312, 'Raseen', 'F', '4117768248', 'Bronze'), (313, 'hillala', 'M', '2642989743', 'Gold'), (314, 'hillala', 'M', '9759276386', 'Bronze'), (315, 'Faizal', 'F', '8894928768', 'Gold'), (316, 'Faizal', 'F', '6974445544', 'Gold'), (317, 'Azara', 'M', '1161126258', 'Silver'), (318, 'Umar', 'M', '2172899722', 'Silver'), (319, 'Raseen', 'F', '8229318187', 'Bronze'), (320, 'Fariq', 'F', '9328163167', 'Gold'), (321, 'Azara', 'M', '3148393928', 'Gold'), (322, 'Fariq', 'M', '5626526522', 'Silver'), (323, 'Faizal', 'F', '4944592939', 'Gold'), (324, 'Faizal', 'M', '4687391985', 'Bronze'), (325, 'hillala', 'M', '4782975613', 'Gold'), (326, 'Fariq', 'F', '9154947261', 'Bronze'), (327, 'Umar', 'M', '3598598825', 'Bronze'), (328, 'mydeena', 'M', '6651869913', 'Bronze'), (329, 'MOhammed', 'M', '7386463626', 'Gold'), (330, 'MOhammed', 'M', '5456632844', 'Bronze'), (331, 'hillala', 'M', '2442699632', 'Gold'), (332, 'Umar', 'F', '7795148235', 'Bronze'), (333, 'hillala', 'M', '3957454971', 'Silver'), (334, 'Fariq', 'M', '4265833436', 'Bronze'), (335, 'hillala', 'M', '3243591328', 'Bronze'), (336, 'Raseen', 'M', '4123933457', 'Silver'), (337, 'Raseen', 'M', '3872492766', 'Gold'), (338, 'hillala', 'F', '5655523463', 'Gold'), (339, 'Azara', 'M', '9436579253', 'Bronze'), (340, 'Faizal', 'M', '1187315311', 'Silver'), (341, 'Umar', 'M', '8324191926', 'Gold'), (342, 'Fariq', 'M', '1418449429', 'Bronze'), (343, 'Umar', 'M', '7185515277', 'Silver'), (344, 'Raseen', 'M', '6637982353', 'Silver'), (345, 'Raseen', 'F', '6857163262', 'Silver'), (346, 'Fariq', 'F', '1276732216', 'Bronze'), (347, 'Raseen', 'M', '2676399655', 'Gold'), (348, 'Fariq', 'F', '6186272824', 'Bronze'), (349, 'hillala', 'M', '8547315947', 'Bronze'), (350, 'MOhammed', 'M', '4926396249', 'Silver'), (351, 'Raseen', 'F', '3134672576', 'Bronze'), (352, 'MOhammed', 'F', '6589377545', 'Gold'), (353, 'mydeena', 'F', '8576755613', 'Gold'), (354, 'Faizal', 'F', '5679437292', 'Gold'), (355, 'Azara', 'M', '3236938141', 'Bronze'), (356, 'mydeena', 'F', '4433885993', 'Silver'), (357, 'MOhammed', 'M', '6873429416', 'Silver'), (358, 'Faizal', 'F', '7622793916', 'Gold'), (359, 'Faizal', 'F', '1528988335', 'Silver'), (360, 'Faizal', 'M', '1758882653', 'Silver'), (361, 'Raseen', 'F', '4691112875', 'Silver'), (362, 'Fariq', 'F', '9851743369', 'Gold'), (363, 'hillala', 'M', '5158412889', 'Bronze'), (364, 'Fariq', 'M', '8482179753', 'Silver'), (365, 'Raseen', 'M', '4842722552', 'Silver'), (366, 'hillala', 'F', '5247927272', 'Bronze'), (367, 'Faizal', 'F', '9254395954', 'Bronze'), (368, 'Raseen', 'F', '6826267914', 'Gold'), (369, 'Raseen', 'F', '5472633958', 'Gold'), (370, 'mydeena', 'M', '7927165981', 'Gold'), (371, 'Azara', 'M', '4891529713', 'Gold'), (372, 'Fariq', 'M', '3136825117', 'Silver'), (373, 'MOhammed', 'F', '2139675985', 'Gold'), (374, 'mydeena', 'M', '9657475326', 'Gold'), (375, 'Umar', 'F', '1936695193', 'Bronze'), (376, 'Fariq', 'M', '2152924399', 'Bronze'), (377, 'Umar', 'M', '8619591528', 'Bronze'), (378, 'Faizal', 'M', '3757179368', 'Gold'), (379, 'hillala', 'M', '9979425416', 'Bronze'), (380, 'Fariq', 'F', '7536683373', 'Bronze'), (381, 'MOhammed', 'F', '5191753141', 'Bronze'), (382, 'MOhammed', 'M', '4744874365', 'Gold'), (383, 'Azara', 'F', '4792644646', 'Bronze'), (384, 'Faizal', 'M', '8698792224', 'Silver'), (385, 'Fariq', 'M', '3655846424', 'Gold'), (386, 'MOhammed', 'M', '8778765131', 'Gold'), (387, 'Raseen', 'M', '7474323644', 'Silver'), (388, 'Raseen', 'F', '8115465792', 'Bronze'), (389, 'Fariq', 'M', '8498478872', 'Gold'), (390, 'Raseen', 'M', '5139376335', 'Bronze'), (391, 'Raseen', 'M', '4149145566', 'Silver'), (392, 'mydeena', 'F', '9464726561', 'Silver'), (393, 'MOhammed', 'F', '7612876753', 'Gold'), (394, 'MOhammed', 'M', '1851193461', 'Silver'), (395, 'Faizal', 'M', '8156933433', 'Bronze'), (396, 'mydeena', 'F', '6931685112', 'Bronze'), (397, 'MOhammed', 'F', '3622754916', 'Silver'), (398, 'Umar', 'M', '7797718121', 'Bronze'), (399, 'Azara', 'M', '4818659793', 'Silver'), (400, 'Azara', 'M', '5428168825', 'Bronze'), (401, 'Fariq', 'M', '7731868387', 'Bronze'), (402, 'MOhammed', 'M', '4533537543', 'Bronze'), (403, 'Faizal', 'M', '7939265559', 'Bronze'), (404, 'MOhammed', 'M', '3286175821', 'Gold'), (405, 'Fariq', 'F', '4451762719', 'Gold'), (406, 'Azara', 'M', '7228126241', 'Gold'), (407, 'MOhammed', 'F', '9374354613', 'Bronze'), (408, 'Faizal', 'M', '5713417272', 'Silver'), (409, 'mydeena', 'M', '3589128251', 'Bronze'), (410, 'Fariq', 'F', '9353816395', 'Gold'), (411, 'Azara', 'M', '7285964636', 'Bronze'), (412, 'mydeena', 'M', '9959759345', 'Bronze'), (413, 'Faizal', 'M', '9247728999', 'Silver'), (414, 'hillala', 'M', '3475774921', 'Bronze'), (415, 'Umar', 'M', '4782691748', 'Gold'), (416, 'Faizal', 'M', '3976911266', 'Gold'), (417, 'MOhammed', 'M', '6244321773', 'Silver'), (418, 'Azara', 'F', '8647456297', 'Gold'), (419, 'hillala', 'M', '6586771219', 'Silver'), (420, 'Umar', 'M', '9985659878', 'Silver'), (421, 'MOhammed', 'M', '5989633335', 'Gold'), (422, 'hillala', 'M', '9254985188', 'Silver'), (423, 'Azara', 'M', '6453516816', 'Silver'), (424, 'Umar', 'F', '3797516324', 'Bronze'), (425, 'Raseen', 'F', '5358742186', 'Silver'), (426, 'MOhammed', 'M', '9826959544', 'Silver'), (427, 'Umar', 'M', '9342524166', 'Gold'), (428, 'hillala', 'F', '4179555682', 'Bronze'), (429, 'mydeena', 'M', '9733543333', 'Gold'), (430, 'Fariq', 'M', '7921646132', 'Silver'), (431, 'mydeena', 'F', '9661225517', 'Bronze'), (432, 'Faizal', 'M', '9466197918', 'Silver'), (433, 'hillala', 'M', '5629933251', 'Bronze'), (434, 'Umar', 'F', '5278584688', 'Bronze'), (435, 'hillala', 'M', '8649115434', 'Gold'), (436, 'Fariq', 'F', '6841397845', 'Silver'), (437, 'Faizal', 'M', '9196197944', 'Gold'), (438, 'Azara', 'M', '5993329968', 'Silver'), (439, 'MOhammed', 'M', '3748678614', 'Bronze'), (440, 'Azara', 'M', '8759752694', 'Bronze'), (441, 'mydeena', 'F', '4382678836', 'Silver'), (442, 'Fariq', 'F', '2416356194', 'Gold'), (443, 'Raseen', 'M', '5779918851', 'Gold'), (444, 'Umar', 'M', '5822761986', 'Gold'), (445, 'mydeena', 'M', '6482941754', 'Silver'), (446, 'Raseen', 'M', '9878794959', 'Silver'), (447, 'Faizal', 'F', '6476918776', 'Bronze'), (448, 'Umar', 'M', '6741527613', 'Silver'), (449, 'MOhammed', 'M', '1828767171', 'Silver'), (450, 'Faizal', 'M', '1927675775', 'Silver'), (451, 'Umar', 'M', '8263492473', 'Bronze'), (452, 'hillala', 'M', '1274166336', 'Silver'), (453, 'Raseen', 'M', '1718926452', 'Gold'), (454, 'mydeena', 'F', '6922532664', 'Bronze'), (455, 'hillala', 'F', '6436831152', 'Bronze'), (456, 'hillala', 'F', '5333959287', 'Silver'), (457, 'Fariq', 'M', '2979978132', 'Silver'), (458, 'Azara', 'F', '6854584735', 'Silver'), (459, 'hillala', 'M', '5556456718', 'Gold'), (460, 'Umar', 'M', '2653139285', 'Gold'), (461, 'MOhammed', 'F', '2833763438', 'Bronze'), (462, 'mydeena', 'M', '3462442675', 'Gold'), (463, 'Faizal', 'F', '5729557687', 'Gold'), (464, 'MOhammed', 'F', '4363746483', 'Bronze'), (465, 'Raseen', 'M', '9897451665', 'Gold'), (466, 'Fariq', 'M', '8279259239', 'Gold'), (467, 'Faizal', 'F', '3867963257', 'Silver'), (468, 'mydeena', 'M', '3873472448', 'Bronze'), (469, 'Umar', 'M', '7226867131', 'Gold'), (470, 'hillala', 'F', '2773844621', 'Silver'), (471, 'Fariq', 'M', '7795475441', 'Bronze'), (472, 'mydeena', 'M', '8888899578', 'Gold'), (473, 'Raseen', 'M', '5748616271', 'Bronze'), (474, 'Faizal', 'F', '7356815973', 'Gold'), (475, 'Fariq', 'F', '5652782868', 'Gold'), (476, 'Raseen', 'M', '5312895769', 'Bronze'), (477, 'mydeena', 'F', '5714538578', 'Bronze'), (478, 'Azara', 'F', '6789673468', 'Bronze'), (479, 'Fariq', 'M', '1695536548', 'Gold'), (480, 'Azara', 'M', '5758727139', 'Gold'), (481, 'Azara', 'F', '7893115559', 'Bronze'), (482, 'Azara', 'M', '6456993813', 'Silver'), (483, 'Umar', 'M', '6939587144', 'Bronze'), (484, 'hillala', 'M', '8612893495', 'Silver'), (485, 'hillala', 'M', '3859582318', 'Silver'), (486, 'Faizal', 'F', '2633996211', 'Bronze'), (487, 'Faizal', 'F', '4988669242', 'Silver'), (488, 'Azara', 'M', '6142399272', 'Silver'), (489, 'Azara', 'F', '1193635416', 'Silver'), (490, 'Azara', 'M', '9399216187', 'Gold'), (491, 'Raseen', 'M', '9769566938', 'Bronze'), (492, 'mydeena', 'F', '9724811828', 'Gold'), (493, 'Azara', 'M', '3713833927', 'Gold'),
 (494, 'mydeena', 'M', '4827382626', 'Bronze'), (495, 'hillala', 'M', '1814772415', 'Bronze'),
 (496, 'Umar', 'F', '9243821411', 'Bronze'), (497, 'hillala', 'M', '1564221922', 'Silver'), (498, 'Raseen', 'M', '4215383372', 'Bronze'), 
 (499, 'hillala', 'M', '3231891166', 'Bronze'), (500, 'hillala', 'F', '5152429258', 'Gold'
);


insert into order_management(product_id, user_id, price, order_date, exp_del_date, status_ofdel) values ('256', 492, 50305, '2023-10-18', '2023-11-18', 'Packed'), 
('352', 403, 57696, '2023-9-3', '2023-10-3', 'Packed'), ('632', 184, 4144, '2023-2-13', '2023-3-13', 'Delievery'), ('253', 271, 38744, '2023-12-12', '2023-1-12', 'Delievery'),
 ('187', 341, 98388, '2023-4-14', '2023-5-14', 'Delievery'), ('683', 453, 93754, '2023-2-14', '2023-3-14', 'Packed'), ('863', 269, 32214, '2023-9-23', '2023-10-23', 'Delievery'),
 ('892', 360, 73267, '2023-3-9', '2023-4-9', 'dispatched'), ('565', 362, 38485, '2023-8-27', '2023-9-27', 'dispatched'), ('178', 292, 24140, '2023-12-14', '2023-1-14', 'Packed'),
 ('492', 14, 40775, '2023-7-20', '2023-8-20', 'Delievery'), ('168', 139, 18185, '2023-8-11', '2023-9-11', 'Packed'), ('219', 293, 23034, '2023-7-18', '2023-8-18', 'dispatched'),
 ('673', 330, 30415, '2023-9-3', '2023-10-3', 'dispatched'), ('984', 418, 78136, '2023-2-1', '2023-3-1', 'Delievery'), ('526', 461, 53842, '2023-8-21', '2023-9-21', 'Delievery'),
 ('933', 456, 30389, '2023-2-11', '2023-3-11', 'dispatched'), ('351', 401, 11990, '2023-2-21', '2023-3-21', 'dispatched'), 
 ('512', 86, 99576, '2023-9-21', '2023-10-21', 'dispatched'), ('879', 393, 9466, '2023-6-5', '2023-7-5', 'dispatched'),
 ('148', 79, 74836, '2023-11-1', '2023-12-1', 'dispatched'), ('594', 413, 64665, '2023-12-11', '2023-1-11', 'Delievery'), 
 ('371', 347, 26849, '2023-2-13', '2023-3-13', 'Packed'), ('394', 118, 92907, '2023-11-24', '2023-12-24', 'Packed'), 
 ('287', 469, 46865, '2023-8-27', '2023-9-27', 'dispatched'), ('849', 490, 66457, '2023-7-27', '2023-8-27', 'Packed'), 
 ('641', 372, 85547, '2023-3-9', '2023-4-9', 'Delievery'), ('747', 73, 5539, '2023-11-10', '2023-12-10', 'dispatched'), 
 ('478', 173, 7387, '2023-9-22', '2023-10-22', 'dispatched'), ('573', 68, 82385, '2023-3-3', '2023-4-3', 'Packed');


insert into inventory(product_id, product_category, stock) values (148, 'Fitness', 81), (168, 'Fitness', 240), (178, 'Fitness', 127), 
(187, 'Fitness', 330), (219, 'Fitness', 54), (253, 'Fitness', 35), (256, 'Fitness', 230), (287, 'Fitness', 204), (351, 'Fashion', 258), (352, 'Fashion', 151), 
(371, 'Fashion', 59), (394, 'Fashion', 304), (478, 'Fashion', 19), (492, 'Fashion', 248), (512, 'Arts', 121), (526, 'Arts', 309), (565, 'Arts', 144), (573, 'Arts', 460),
 (594, 'Arts', 326), (632, 'Arts', 460), (641, 'Arts', 259), (673, 'Arts', 337), (747, 'Stationary', 152), (849, 'Other', 244), (863, 'Other', 203), (879, 'Other', 449),
 (892, 'Other', 388), (933, 'Other', 309), (984, 'Other', 24);

